{
    "head": {
        "store_mapping": [
            {
                "store_id": "DIXST",
                "fulfillment_node_id": "MTLDC1"
            },
			{
                "store_id": "DONST",
                "fulfillment_node_id": "MTLDC1"
            },
			{
                "store_id": "MTLST",
                "fulfillment_node_id": "MTLDC1"
            },
			{
                "store_id": "VIAST",
                "fulfillment_node_id": "MTLDC1"
            },
			{
                "store_id": "FOYST",
                "fulfillment_node_id": "MTLDC1"
            },
			{
                "store_id": "VANST",
                "fulfillment_node_id": "MTLDC1"
            },
			{
                "store_id": "RIDST",
                "fulfillment_node_id": "MTLDC1"
            },
			{
                "store_id": "STWST",
                "fulfillment_node_id": "MTLDC1"
            },
			{
                "store_id": "STANST",
                "fulfillment_node_id": "MTLDC1"
            },
			{
                "store_id": "TECST",
                "fulfillment_node_id": "MTLDC1"
            },
			{
                "store_id": "TOST",
                "fulfillment_node_id": "MTLDC1"
            },
			{
                "store_id": "BROST",
                "fulfillment_node_id": "MTLDC1"
            },
			{
                "store_id": "SOHST",
                "fulfillment_node_id": "MTLDC1"
            },
			{
                "store_id": "WHSALE",
                "fulfillment_node_id": "MTLDC1"
            },
			{
                "store_id": "KITST",
                "fulfillment_node_id": "MTLDC1"
            },
			{
                "store_id": "SQOST",
                "fulfillment_node_id": "MTLDC1"
            },
			{
                "store_id": "HALST",
                "fulfillment_node_id": "MTLDC1"
            },
			{
                "store_id": "SNBST",
                "fulfillment_node_id": "MTLDC1"
            },
			{
                "store_id": "FPCST",
                "fulfillment_node_id": "MTLDC1"
            }
			
        ],
        "mode": "on_hand"
    },
    "items": [
        {
            "product_id": "1110352-003-M",
            "quantity": 50,
            "fulfillment_node_id": "MTLDC1"
        },
		{
            "product_id": "1110352-010-M",
            "quantity": 50,
            "fulfillment_node_id": "MTLDC1"
        },
		{
            "product_id": "1110352-414-M",
            "quantity": 50,
            "fulfillment_node_id": "MTLDC1"
        }
    ]
}