{
    "head": {
        "store_mapping": [
            {
                "store_id": "DIXST",
                "fulfillment_node_id": "DIXST"
            },
			{
                "store_id": "DONST",
                "fulfillment_node_id": "DONST"
            },
			{
                "store_id": "MTLST",
                "fulfillment_node_id": "MTLST"
            },
			{
                "store_id": "VIAST",
                "fulfillment_node_id": "VIAST"
            },
			{
                "store_id": "FOYST",
                "fulfillment_node_id": "FOYST"
            },
			{
                "store_id": "VANST",
                "fulfillment_node_id": "VANST"
            },
			{
                "store_id": "RIDST",
                "fulfillment_node_id": "RIDST"
            },
			{
                "store_id": "STWST",
                "fulfillment_node_id": "STWST"
            },
			{
                "store_id": "STANST",
                "fulfillment_node_id": "STANST"
            },
			{
                "store_id": "TECST",
                "fulfillment_node_id": "TECST"
            },
			{
                "store_id": "TOST",
                "fulfillment_node_id": "TOST"
            },
			{
                "store_id": "BROST",
                "fulfillment_node_id": "BROST"
            },
			{
                "store_id": "SOHST",
                "fulfillment_node_id": "SOHST"
            },
			{
                "store_id": "WHSALE",
                "fulfillment_node_id": "WHSALE"
            },
			{
                "store_id": "KITST",
                "fulfillment_node_id": "KITST"
            },
			{
                "store_id": "SQOST",
                "fulfillment_node_id": "SQOST"
            },
			{
                "store_id": "HALST",
                "fulfillment_node_id": "HALST"
            },
			{
                "store_id": "SNBST",
                "fulfillment_node_id": "SNBST"
            },
			{
                "store_id": "FPCST",
                "fulfillment_node_id": "FPCST"
            }
			
        ],
        "mode": "on_hand"
    },
    "items": [
        {
            "product_id": "1110352-003-M",
            "quantity": 50,
            "fulfillment_node_id": "DIXST"
        },
		{
            "product_id": "1110352-003-M",
            "quantity": 50,
            "fulfillment_node_id": "DONST"
        },
		{
            "product_id": "1110352-003-M",
            "quantity": 50,
            "fulfillment_node_id": "MTLST"
        },
		{
            "product_id": "1110352-003-M",
            "quantity": 50,
            "fulfillment_node_id": "VIAST"
        },
		{
            "product_id": "1110352-003-M",
            "quantity": 50,
            "fulfillment_node_id": "FOYST"
        },
		{
            "product_id": "1110352-003-M",
            "quantity": 50,
            "fulfillment_node_id": "VANST"
        },
		{
            "product_id": "1110352-003-M",
            "quantity": 50,
            "fulfillment_node_id": "RIDST"
        },
		{
            "product_id": "1110352-003-M",
            "quantity": 50,
            "fulfillment_node_id": "STWST"
        },
		{
            "product_id": "1110352-003-M",
            "quantity": 50,
            "fulfillment_node_id": "STANST"
        },
		{
            "product_id": "1110352-003-M",
            "quantity": 50,
            "fulfillment_node_id": "TECST"
        },
		{
            "product_id": "1110352-003-M",
            "quantity": 50,
            "fulfillment_node_id": "TOST"
        },
		{
            "product_id": "1110352-003-M",
            "quantity": 50,
            "fulfillment_node_id": "BROST"
        },
		{
            "product_id": "1110352-003-M",
            "quantity": 50,
            "fulfillment_node_id": "SOHST"
        },
		{
            "product_id": "1110352-003-M",
            "quantity": 50,
            "fulfillment_node_id": "WHSALE"
        },
		{
            "product_id": "1110352-003-M",
            "quantity": 50,
            "fulfillment_node_id": "KITST"
        },
		{
            "product_id": "1110352-003-M",
            "quantity": 50,
            "fulfillment_node_id": "SQOST"
        },
		{
            "product_id": "1110352-003-M",
            "quantity": 50,
            "fulfillment_node_id": "HALST"
        },
		{
            "product_id": "1110352-003-M",
            "quantity": 50,
            "fulfillment_node_id": "SNBST"
        },
		{
            "product_id": "1110352-003-M",
            "quantity": 50,
            "fulfillment_node_id": "FPCST"
        }
    ]
}