{
    "head": {
        "shop": "storefront-catalog-fr",
        "locale": "fr-ca",
        "is_master": true,
        "filterable_attributes": [
            {
                "name": "material",
                "path": "$.material"
            }
        ],
        "searchable_attributes": [
            {
                "name": "product_id",
                "path": "$.product_id",
                "weight": 10
            },
            {
                "name": "ean13",
                "path": "$.external_identifiers[?(@.type == 'ean13')].value",
                "weight": 5
            }
        ]
    },
    "items": [
	 "brand": "",
    "caption": "virtual_giftcard",
    "categories": [
        {
            "is_main": false,
            "path": "All",
            "path_separator": " > "
        },
        {
            "is_main": true,
            "path": "All > Gift Card",
            "path_separator": " > "
        }
    ],
    "description": "Electronic Gift Card for online purchases & retail purchases",
    "effective_price": {
        "amount": 25,
        "currency": "CAD"
    },
    "extended_attributes": [
        {
            "key": "fulfillment_service",
            "value": "manual"
        },
        {
            "key": "handle",
            "value": "newstore-gift-card"
        },
        {
            "key": "inventory_policy",
            "value": "deny"
        },
        {
            "key": "pricebooks",
            "value": "egc-25,egc-50,egc-75,egc-100,egc-150,egc-200,egc-250"
        },
        {
            "key": "product_created_at",
            "value": "2020-11-28T14:37:35-04:00"
        },
        {
            "key": "product_updated_at",
            "value": "2020-11-29T06:32:26-04:00"
        },
        {
            "key": "published_at",
            "value": "2020-11-28T14:35:49-04:00"
        },
        {
            "key": "published_scope",
            "value": "global"
        },
        {
            "key": "variant_created_at",
            "value": "2020-11-28T14:37:35-04:00"
        },
        {
            "key": "variant_updated_at",
            "value": "2020-11-29T06:32:26-04:00"
        }
    ],
    "external_identifiers": [
        {
            "type": "sku",
            "value": "EGC"
        }
    ],
    "images": [
        {
            "aspect_ratio": 0.7497657,
            "dominant_color": "#E6E6E9",
            "height": 1067,
            "tags": [
                "newstore:main"
            ],
            "title": "Frank And Oak Electronic Gift Card",
            "url": "https://res.cloudinary.com/db0zftggw/image/upload/v1631610747/p/frankandoak/a12e711c119e60fb70fe8d6741dbec6b.jpg",
            "width": 800
        }
    ],
    "inventory_tracked": false,
    "is_available": true,
    "is_preorder": false,
    "keywords": [
        "gift-card"
    ],
    "product_id": "EGC",
    "serialized_inventory": false,
    "shipping_weight": {
        "unit": "lb",
        "value": 0
    },
    "short_description": "virtual_giftcard",
    "title": "Frank And Oak Electronic Gift Card",
    "variable_pricing": false,
    "variations": [
        {
            "effective_price": {
                "amount": 25,
                "currency": "CAD"
            },
            "is_available": true,
            "product_id": "EGC",
            "variation_color": {
                "value": ""
            },
            "variation_size": {
                "gender": "",
                "system": "",
                "type": "",
                "value": "Custom"
            }
        }
    ]
        
    ]
}