{
    "head": {"locale":"en-US","shop":"storefront-catalog-en","is_master":true,"filterable_attributes":[{"name":"final_sale","path":"$.extended_attributes[?(@.name == 'final_sale')].value"}],"searchable_attributes":[{"name":"product_id","path":"$.product_id","weight":10},{"name":"ean13","path":"$.external_identifiers[?(@.type == 'ean13')].value","weight":5},{"name":"title","path":"$.title","weight":10},{"name":"description","path":"$.description","weight":9}]},
    "items": [
        {
            "product_id": "EGC",
            "variant_group_id": "virtual_giftcard",
            "title": "Frank And Oak Electronic Gift Card",
            "caption": "virtual_giftcard",
            "description": "Electronic Gift Card for online purchases & retail purchases",
            "show_in_listing": true,
            "preorder_start": "2021-02-28T07:00:00Z",
            "online_from": "2021-03-15T07:00:00Z",
            "online_to": "2030-04-01T07:00:00Z",
             "images": [
			{
				"aspect_ratio": 0.7497657,
				"dominant_color": "#E6E6E9",
				"height": 1067,
				"tags": [
					"newstore:main"
				],
				"title": "Frank And Oak Electronic Gift Card",
				"url": "https://res.cloudinary.com/db0zftggw/image/upload/v1631610747/p/frankandoak/a12e711c119e60fb70fe8d6741dbec6b.jpg",
				"width": 800
			}
		],
            "tax_class_id": "standard",
            "categories": [
			{
				"is_main": false,
				"path": "All",
				"path_separator": " > "
			},
			{
				"is_main": true,
				"path": "All > Gift Card",
				"path_separator": " > "
			}
			],
            "material": "",
            "country_of_origin": "CN",
            "product_hts_number": "EGC",
            "shipping_weight_value": 0,
            "shipping_weight_unit": "lb",
            "shipping_dimension_length": 5,
            "shipping_dimension_width": 5,
            "shipping_dimension_height": 5,
            "shipping_dimension_unit": "in",
            "variation_color_value": "virtual_giftcard",
            "variation_size_value": "4",
            "variation_size_gender": "unisex",
            "google_category": "none",
            "variation_size_type": "regular",
            "variation_size_system": "US",
            "extended_attributes": [
			{
				"key": "fulfillment_service",
				"value": "manual"
			},
			{
				"key": "handle",
				"value": "newstore-gift-card"
			},
			{
				"key": "inventory_policy",
				"value": "deny"
			},
			{
				"key": "pricebooks",
				"value": "egc-25,egc-50,egc-75,egc-100,egc-150,egc-200,egc-250"
			},
			{
				"key": "product_created_at",
				"value": "2020-11-28T14:37:35-04:00"
			},
			{
				"key": "product_updated_at",
				"value": "2020-11-29T06:32:26-04:00"
			},
			{
				"key": "published_at",
				"value": "2020-11-28T14:35:49-04:00"
			},
			{
				"key": "published_scope",
				"value": "global"
			},
			{
				"key": "variant_created_at",
				"value": "2020-11-28T14:37:35-04:00"
			},
			{
				"key": "variant_updated_at",
				"value": "2020-11-29T06:32:26-04:00"
			}
		],
    "external_identifiers": [
        {
            "type": "sku",
            "value": "EGC"
        }
    ]
     }
    ]
}