{
    "head": {
        "store_mapping": [
            {
                "store_id": null,
                "fulfillment_node_id": "MTLDC1"
            }
        ],
        "mode": "atp"
    },
    "items": [
        {
            "product_id": "1110352-003-M",
            "quantity": 50,
            "fulfillment_node_id": "MTLDC1"
        },
		{
            "product_id": "1000101",
            "quantity": 50,
            "fulfillment_node_id": "MTLDC1"
        },
		{
            "product_id": "199118-000",
            "quantity": 50,
            "fulfillment_node_id": "MTLDC1"
        },
		{
            "product_id": "199114-000",
            "quantity": 50,
            "fulfillment_node_id": "MTLDC1"
        },
		{
            "product_id": "199115-000",
            "quantity": 50,
            "fulfillment_node_id": "MTLDC1"
        },
		{
            "product_id": "121093-001-32",
            "quantity": 50,
            "fulfillment_node_id": "MTLDC1"
        },
		{
            "product_id": "121093-001-28",
            "quantity": 50,
            "fulfillment_node_id": "MTLDC1"
        }
    ]
}
