{
    "head": {
        "pricebook": "default",
        "shop": "storefront-catalog-fr",
        "currency": "CAD"
    },
    "items": [
        {
            "product_id": "1000101",
            "value": 30.00
        },
		 {
            "product_id": "199118-000",
            "value": 30.00
        },
		 {
            "product_id": "1110352-003-M",
            "value": 30.00
        },
		 {
            "product_id": "199114-000",
            "value": 30.00
        }
    ]
}