{
    "head": {
        "shop": "storefront-catalog-fr",
        "locale": "fr-ca",
        "is_master": true,
        "filterable_attributes": [
            {
                "name": "material",
                "path": "$.material"
            },
            {
                "name": "fit",
                "path": "$.extended_attributes[?(@.name == 'fit')].value"
            }
        ],
        "searchable_attributes": [
            {
                "name": "product_id",
                "path": "$.product_id",
                "weight": 10
            },
            {
                "name": "ean13",
                "path": "$.external_identifiers[?(@.type == 'ean13')].value",
                "weight": 5
            }
        ]
    },
    "items": [
        {
            "product_id": "1000101",
            "variant_group_id": "variant_group_10001",
            "title": "Bohemian Print Cutout Chiffon Maxi Dress",
            "caption": "Our summer-ready chiffon dress features a bohemian print and beaded cut-outs for a textural twist to maxi styles. Full of creativity on every level, it offers delicate transparencies with a pleated hem for extra swish as you move through the summer heat.",
            "description": "Bohemian Print Chiffon Gathered Waist Silk Dress",
            "show_in_listing": true,
            "preorder_start": "2021-02-28T07:00:00Z",
            "online_from": "2021-03-15T07:00:00Z",
            "online_to": "2030-04-01T07:00:00Z",
            "images": [
                {
                    "url": "https://mycompany/hoster/images/default/products/SU16/10001_014_Multi_OFR-1.jpg",
                    "internal_dimension_height": 2000,
                    "internal_dimension_width": 1414,
                    "internal_dominant_color": "#F4F2F4",
                    "is_main": true
                },
                {
                    "url": "https://mycompany/hoster/images/default/products/SU16/10001_014_Multi_OSP-2.jpg",
                    "internal_dimension_height": 2000,
                    "internal_dimension_width": 1414,
                    "internal_dominant_color": "#F4F2F4"
                }
            ],
            "tax_class_id": "standard",
            "categories": [
                {
                    "path": "Special collection"
                },
                {
                    "path": "Releases > SUMMER 1"
                },
                {
                    "path": "Shop > Dresses",
                    "position": 10,
                    "is_main": true
                }
            ],
            "material": "LADIES' 100% SILK WOVEN DRESS",
            "country_of_origin": "CN",
            "product_hts_number": "6204.49.1000",
            "shipping_weight_value": 1,
            "shipping_weight_unit": "lb",
            "shipping_dimension_length": 5,
            "shipping_dimension_width": 5,
            "shipping_dimension_height": 5,
            "shipping_dimension_unit": "in",
            "variation_color_value": "Grace Sweater Beige",
            "variation_size_value": "4",
            "variation_size_gender": "unisex",
            "google_category": "none",
            "variation_size_type": "regular",
            "variation_size_system": "US",
            "external_identifiers": [
                {
                    "type": "sku",
                    "value": "3825952358"
                },
                {
                    "type": "ean13",
                    "value": "1000101000007"
                }
            ],
            "extended_attributes": [
                {
                    "name": "care",
                    "value": "1000101 This product doesn't need special caring instructions. Handwash at 50°F is sufficent enough."
                }
            ]
        },
		{"is_searchable":true,"is_published":true,"show_in_listing":true,"product_id":"199118-000","variant_group_id":"6870773661852","brand":"3rd Party Brand","title":"199118-000","caption":"199118-000","description":"Sans paraben. Sans aluminium. 2,65 oz / 75 g","keywords":["attributes_hierarchy:Grooming-Face  Body","custitem_fao_brand:Baxter of California","custitem_fao_color_code:000","custitem_fao_finalsale:No","custitem_fao_launch_year:2013","custitem_fao_lifecycle:Core","custitem_fao_merch_department:Grooming","custitem_fao_nodiscount:No","custitem_fao_style_code:199118","custitem_fao_style_color:199118-000","division:Grooming","markdown:No","product_type:Grooming","size_range:ONE SIZE","YGroup_199118"],"shipping_weight_unit":"kg","shipping_weight_value":0.7,"variation_color_value":"","variation_size_value":"Default Title","tax_class_id":"","shipping_dimension_unit":"cm","images":[{"url":"https://cdn.shopify.com/s/files/1/0554/4643/8044/products/199118-000.9274.jpg?v=1625850105","alt_text":"","is_main":true}],"external_identifiers":[{"type":"sku","value":"199118-000"},{"type":"shopify_inventory_item_id","value":"42467446522012"},{"type":"upc","value":"199118-000"},{"type":"isbn","value":"199118-000"},{"type":"ean13","value":"199118-000"}],"extended_attributes":[{"name":"product_created_at","value":"2021-07-09T17:01:44Z"},{"name":"product_updated_at","value":"2021-09-07T23:20:43Z"},{"name":"product_handle","value":"199118-000-199118-000"},{"name":"shopify_variant_id","value":"40372547158172"},{"name":"variant_created_at","value":"2021-07-09T17:01:45Z"},{"name":"variant_updated_at","value":"2021-08-19T11:33:08Z"},{"name":"inventory_management","value":"SHOPIFY"},{"name":"inventory_policy","value":"DENY"},{"name":"fulfillment_service","value":"manual"},{"name":"inventory_item_id","value":"42467446522012"},{"name":"final_sale","value":"false"},{"name":"size_custom","value":"DEFAULT TITLE"}],"shipping_dimension_length":0.0,"shipping_dimension_width":0.0,"shipping_dimension_height":0.0,"material":"","google_category":"none","categories":[{"path":"All"},{"path":"All > Grooming"},{"path":"All > Grooming > Grooming","is_main":true}],"manufacturer":"","country_of_origin":"CN","product_hts_number":"330720"},
		{"is_searchable":true,"is_published":true,"show_in_listing":true,"product_id":"199114-000","variant_group_id":"6870773694620","brand":"3rd Party Brand","title":"Nettoyant pour le visage Baxter of California","caption":"Nettoyant pour le visage Baxter of California","description":"Nettoyant pour le visage Baxter of California","keywords":["attributes_hierarchy:Grooming-Face  Body","custitem_fao_brand:Baxter of California","custitem_fao_color_code:000","custitem_fao_finalsale:No","custitem_fao_launch_year:2013","custitem_fao_lifecycle:Basic","custitem_fao_merch_department:Grooming","custitem_fao_nodiscount:No","custitem_fao_style_code:199114","custitem_fao_style_color:199114-000","division:Grooming","markdown:Yes","product_type:Grooming","size_range:ONE SIZE","YGroup_199114"],"shipping_weight_unit":"kg","shipping_weight_value":0.7,"variation_color_value":"","variation_size_value":"Default Title","tax_class_id":"","shipping_dimension_unit":"cm","images":[{"url":"https://cdn.shopify.com/s/files/1/0554/4643/8044/products/199114-000.91873_1.jpg?v=1625850105","alt_text":"","is_main":true}],"external_identifiers":[{"type":"sku","value":"199114-000"},{"type":"shopify_inventory_item_id","value":"42467446554780"},{"type":"upc","value":"199114-000"},{"type":"isbn","value":"199114-000"},{"type":"ean13","value":"199114-000"}],"extended_attributes":[{"name":"product_created_at","value":"2021-07-09T17:01:45Z"},{"name":"product_updated_at","value":"2021-08-19T11:33:59Z"},{"name":"product_handle","value":"baxter-of-california-face-wash-199114-000"},{"name":"shopify_variant_id","value":"40372547485852"},{"name":"variant_created_at","value":"2021-07-09T17:01:45Z"},{"name":"variant_updated_at","value":"2021-08-19T11:33:59Z"},{"name":"inventory_management","value":"SHOPIFY"},{"name":"inventory_policy","value":"DENY"},{"name":"fulfillment_service","value":"manual"},{"name":"inventory_item_id","value":"42467446554780"},{"name":"final_sale","value":"false"},{"name":"size_custom","value":"DEFAULT TITLE"}],"shipping_dimension_length":0.0,"shipping_dimension_width":0.0,"shipping_dimension_height":0.0,"material":"","google_category":"none","categories":[{"path":"All"},{"path":"All > Grooming"},{"path":"All > Grooming > Grooming","is_main":true}],"manufacturer":"","country_of_origin":"CN","product_hts_number":"620520"}
    ]
}