{
  "head": {
      "store_mapping": [
        {
          "fulfillment_node_id": "MVY10",
          "store_id": "MVY10"
        },
        {
          "fulfillment_node_id": "ACK1",
          "store_id": "ACK1"
        },
        {
          "fulfillment_node_id": "HY13",
          "store_id": "HY13"
        },
        {
          "fulfillment_node_id": "MAD46",
          "store_id": "MAD46"
        },
        {
          "fulfillment_node_id": "PP8",
          "store_id": "PP8"
        },
        {
          "fulfillment_node_id": "NOL36",
          "store_id": "NOL36"
        }
      ],
      "mode": "atp"
  },
  "items": [
    {
      "fulfillment_node_id": "ACK1",
      "product_id": "MAC0001-OLV-OS",
      "quantity": 500
    },
    {
      "fulfillment_node_id": "MVY10",
      "product_id": "MAC0001-OLV-OS",
      "quantity": 500
    },
    {
      "fulfillment_node_id": "ACK1",
      "product_id": "MAC0001-NVY-OS",
      "quantity": 500
    },
    {
      "fulfillment_node_id": "MVY10",
      "product_id": "MAC0001-NVY-OS",
      "quantity": 500
    },
    {
      "fulfillment_node_id": "HY13",
      "product_id": "MAC0001-NVY-OS",
      "quantity": 500
    },
    {
      "fulfillment_node_id": "MAD46",
      "product_id": "MAC0001-NVY-OS",
      "quantity": 500
    },
    {
      "fulfillment_node_id": "PP8",
      "product_id": "MAC0001-NVY-OS",
      "quantity": 500
    },
    {
      "fulfillment_node_id": "NOL36",
      "product_id": "MAC0001-NVY-OS",
      "quantity": 500
    }
  ]
}
