{
    "head": {
        "store_mapping": [
            {
                "fulfillment_node_id": "BDC",
                "store_id": ""
            },
            {
                "fulfillment_node_id": "DIXST",
                "store_id": "DIXST"
            },
            {
                "fulfillment_node_id": "DONST",
                "store_id": "DONST"
            },
            {
                "fulfillment_node_id": "MTLST",
                "store_id": "MTLST"
            },
            {
                "fulfillment_node_id": "VIAST",
                "store_id": "VIAST"
            },
            {
                "fulfillment_node_id": "FOYST",
                "store_id": "FOYST"
            },
            {
                "fulfillment_node_id": "VANST",
                "store_id": "VANST"
            },
            {
                "fulfillment_node_id": "RIDST",
                "store_id": "RIDST"
            },
            {
                "fulfillment_node_id": "STWST",
                "store_id": "STWST"
            },
            {
                "fulfillment_node_id": "STANST",
                "store_id": "STANST"
            },
            {
                "fulfillment_node_id": "TECST",
                "store_id": "TECST"
            },
            {
                "fulfillment_node_id": "TOST",
                "store_id": "TOST"
            },
            {
                "fulfillment_node_id": "BROST",
                "store_id": "BROST"
            },
            {
                "fulfillment_node_id": "SOHST",
                "store_id": "SOHST"
            },
            {
                "fulfillment_node_id": "WHSALE",
                "store_id": "WHSALE"
            },
            {
                "fulfillment_node_id": "KITST",
                "store_id": "KITST"
            },
            {
                "fulfillment_node_id": "SQOST",
                "store_id": "SQOST"
            },
            {
                "fulfillment_node_id": "HALST",
                "store_id": "HALST"
            },
            {
                "fulfillment_node_id": "SNBST",
                "store_id": "SNBST"
            },
            {
                "fulfillment_node_id": "FPCST",
                "store_id": "FPCST"
            }
        ],
        "mode": "atp"
    },
    "items": [
        {
            "fulfillment_node_id": "DIXST",
            "product_id": "PGC",
            "quantity": 9999
        },
        {
            "fulfillment_node_id": "DONST",
            "product_id": "PGC",
            "quantity": 9999
        },
        {
            "fulfillment_node_id": "MTLST",
            "product_id": "PGC",
            "quantity": 9999
        },
        {
            "fulfillment_node_id": "VIAST",
            "product_id": "PGC",
            "quantity": 9999
        },
        {
            "fulfillment_node_id": "FOYST",
            "product_id": "PGC",
            "quantity": 9999
        },
        {
            "fulfillment_node_id": "VANST",
            "product_id": "PGC",
            "quantity": 9999
        },
        {
            "fulfillment_node_id": "RIDST",
            "product_id": "PGC",
            "quantity": 9999
        },
        {
            "fulfillment_node_id": "STWST",
            "product_id": "PGC",
            "quantity": 9999
        },
        {
            "fulfillment_node_id": "STANST",
            "product_id": "PGC",
            "quantity": 9999
        },
        {
            "fulfillment_node_id": "TECST",
            "product_id": "PGC",
            "quantity": 9999
        },
        {
            "fulfillment_node_id": "TOST",
            "product_id": "PGC",
            "quantity": 9999
        },
        {
            "fulfillment_node_id": "BROST",
            "product_id": "PGC",
            "quantity": 9999
        },
        {
            "fulfillment_node_id": "SOHST",
            "product_id": "PGC",
            "quantity": 9999
        },
        {
            "fulfillment_node_id": "WHSALE",
            "product_id": "PGC",
            "quantity": 9999
        },
        {
            "fulfillment_node_id": "KITST",
            "product_id": "PGC",
            "quantity": 9999
        },
        {
            "fulfillment_node_id": "SQOST",
            "product_id": "PGC",
            "quantity": 9999
        },
        {
            "fulfillment_node_id": "HALST",
            "product_id": "PGC",
            "quantity": 9999
        },
        {
            "fulfillment_node_id": "SNBST",
            "product_id": "PGC",
            "quantity": 9999
        },
        {
            "fulfillment_node_id": "FPCST",
            "product_id": "PGC",
            "quantity": 9999
        },
        {
            "fulfillment_node_id": "BDC",
            "product_id": "PGC",
            "quantity": 99999
        }
    ]
}