{
    "head": {
        "locale": "en-us",
        "shop": "storefront-catalog-en",
        "is_master": true
    },
    "items": [
        {
            "brand": "",
            "is_searchable": true,
            "is_published": true,
            "show_in_listing": true,
            "is_active": true,
            "product_id": "PGC",
            "variant_group_id":"5500000-000",
            "tax_class_id":"",
            "shipping_weight_value": 0,
            "shipping_weight_unit": "lb",
            "external_identifiers": [
                {
                    "type": "sku",
                    "value": "PGC"
                },
                {
					"type": "upc",
					"value": "PGC"
				},
                {
					"type": "shopifyInventoryItemId",
					"value": "6840307089584"
				}
				
            ],
            "title": "Frank And Oak Physical Gift Card",
            "caption": "virtual_giftcard",
            
            "categories": [
                 {
					"is_main": false,
					"path": "All",
					"path_separator": " > "
				},
				{
					"is_main": true,
					"path": "All > Gift Card",
					"path_separator": " > "
				}
            ],
            "extended_attributes": [
                {
                    "name": "fulfillment_service",
                    "value": "manual"
                },
                {
                    "name": "handle",
                    "value": "newstore-gift-card"
                },
                {
                    "name": "inventory_policy",
                    "value": "deny"
                },
                {
                    "name": "pricebooks",
                    "value": "pgc-25,pgc-50,pgc-75,pgc-100,pgc-150,pgc-200,pgc-250,pgc-300,pgc-350,pgc-400,pgc-450,pgc-500"
                },
                {
                    "name": "product_created_at",
                    "value": "2020-11-28T14:37:35-04:00"
                },
                {
                    "name": "product_updated_at",
                    "value": "2022-12-20T01:37:35-04:00"
                },
                {
                    "name": "published_at",
                    "value": "2020-11-28T14:35:49-04:00"
                },
                {
                    "name": "published_scope",
                    "value": "global"
                },
                {
                    "name": "variant_created_at",
                    "value": "2022-12-20T01:37:35-04:00"
                },
                {
                    "name": "variant_updated_at",
                    "value": "2022-12-20T01:37:35-04:00"
                },
                {
                    "name": "inventory_item_id",
                    "value": "6840307089584"
                }
            ],
            "description": "Physical Gift Card for online and store purchases",
            "serialized_inventory": false,
            "images": [
                {
                    "title": "Frank And Oak Physical Gift Card",
                    "url": "https://res.cloudinary.com/db0zftggw/image/upload/v1631610747/p/frankandoak/a12e711c119e60fb70fe8d6741dbec6b.jpg",
                    "alt_text": "egift card"
                }
            ]
        }
    ]
}