{
    "head": {
        "locale": "fr-ca",
        "shop": "storefront-catalog-fr",
        "is_master": false
    },
    "items": [
        {
            "brand": "",
            "is_searchable": true,
            "is_published": true,
            "show_in_listing": true,
            "is_active": true,
            "product_id": "PGC",
            "variant_group_id":"5500000-000",
            "tax_class_id":"",
            "shipping_weight_value": 0,
            "shipping_weight_unit": "kg",
            "external_identifiers": [
                {
                    "type": "sku",
                    "value": "PGC"
                },
                {
					"type": "upc",
					"value": "PGC"
				},
                {
					"type": "shopifyInventoryItemId",
					"value": "6891891327132"
				}	
            ],
            "title": "Carte cadeau Frank And Oak physique",
            "caption": "physique_giftcard",
            
            "categories": [
                {
                    "is_main": true,
                    "path": "All",
                    "path_separator": " > "
                }
            ],
            "extended_attributes": [
                {
                    "name": "fulfillment_service",
                    "value": "manual"
                },
                {
                    "name": "handle",
                    "value": "newstore-gift-card"
                },
                {
                    "name": "inventory_policy",
                    "value": "deny"
                },
                {
                    "name": "pricebooks",
                    "value": "pgc-25,pgc-50,pgc-75,pgc-100,pgc-150,pgc-200,pgc-250"
                },
                {
                    "name": "product_created_at",
                    "value": "2020-11-28T14:37:35-04:00"
                },
                {
                    "name": "product_updated_at",
                    "value": "2020-11-29T06:32:26-04:00"
                },
                {
                    "name": "published_at",
                    "value": "2020-11-28T14:35:49-04:00"
                },
                {
                    "name": "published_scope",
                    "value": "global"
                },
                {
                    "name": "variant_created_at",
                    "value": "2020-11-28T14:37:35-04:00"
                },
                {
                    "name": "variant_updated_at",
                    "value": "2020-11-29T06:32:26-04:00"
                },
                {
                    "name": "inventory_item_id",
                    "value": "6891891327132"
                }
            ],
            "description": "Carte cadeau physique pour achat en ligne et en boutiqu",
            "serialized_inventory": false,
            "images": [
                {
                    "title": "Carte cadeau Frank And Oak physique",
                    "url": "https://res.cloudinary.com/db0zftggw/image/upload/v1631610747/p/frankandoak/a12e711c119e60fb70fe8d6741dbec6b.jpg",
                    "alt_text": "egift card"
                }
            ]
        }
    ]
}