{
    "head": {
        "store_mapping": [
            {
                "store_id": "ACK1",
                "fulfillment_node_id": "ACK1"
            },
			{
                "store_id": "PRN7",
                "fulfillment_node_id": "PRN7"
            },
			{
                "store_id": "MVY1",
                "fulfillment_node_id": "MVY1"
            }
        ],
        "mode": "atp"
    },
    "items": [
        {
            "product_id": "WTC0001-WHT-XS",
            "quantity": 50,
            "fulfillment_node_id": "ACK1"
        },
		{
            "product_id": "MAC0001-NVY-OS",
            "quantity": 50,
            "fulfillment_node_id": "ACK1"
        },
		{
            "product_id": "MAC0001-OLV-OS",
            "quantity": 50,
            "fulfillment_node_id": "ACK1"
        },
		{
            "product_id": "MAC0001-OLV-OS",
            "quantity": 50,
            "fulfillment_node_id": "PRN7"
        },
		{
            "product_id": "MAC0001-NVY-OS",
            "quantity": 50,
            "fulfillment_node_id": "MVY1"
        },
		{
            "product_id": "MAC0001-OLV-OS",
            "quantity": 50,
            "fulfillment_node_id": "MVY1"
        }
    ]
}