{
    "head": 
	{
		"locale":"en-us",
		"shop":"storefront-catalog-en",
		"is_master":true
	},
    "items": [
			{
				"is_searchable":true,
				"is_published":true,
				"show_in_listing":true,
				"product_id":"EGC",
				"variant_group_id":"virtual_giftcard",
				"brand":"3rd Party Brand",
				"title":"EGC",
				"caption":"EGC",
				"description":"Electronic Gift Card for online purchases & retail purchases",
				"keywords":["attributes_hierarchy:Grooming-Face  Body","custitem_fao_brand:Baxter of California","custitem_fao_color_code:000","custitem_fao_feature:Non-Mulesed Merino Wool","custitem_fao_finalsale:No","custitem_fao_launch_year:2013","custitem_fao_lifecycle:Core","custitem_fao_merch_department:Grooming","custitem_fao_nodiscount:No","custitem_fao_style_code:199118","custitem_fao_style_color:EGC","division:Grooming","markdown:No","product_type:Grooming","size_range:ONE SIZE","yarn:merino","YGroup_199118"],
				"shipping_weight_unit":"kg",
				"shipping_weight_value":0.7,
				"variation_color_value":"",
				"variation_size_value":"Default Title",
				"tax_class_id":"",
				"shipping_dimension_unit":"cm",
				"images":[
				{
				"aspect_ratio": 0.7497657,
				"dominant_color": "#E6E6E9",
				"height": 1067,
				"tags": [
					"newstore:main"
				],
				"title": "Frank And Oak Electronic Gift Card",
				"url": "https://res.cloudinary.com/db0zftggw/image/upload/v1631610747/p/frankandoak/a12e711c119e60fb70fe8d6741dbec6b.jpg",
				"width": 800,
				"is_main":true
				}],
				"external_identifiers":[
		{"type":"sku","value":"EGC"},{"type":"shopify_inventory_item_id","value":"42467446522012"},{"type":"upc","value":"EGC"},{"type":"isbn","value":"EGC"},{"type":"ean13","value":"EGC"}],
		"extended_attributes":[
			{"name":"product_created_at","value":"2021-07-09T17:01:44Z"},
			{"name":"product_updated_at","value":"2022-10-14T13:54:00Z"},
			{"name":"variant_created_at","value":"2021-07-09T17:01:45Z"},
			{"name":"handle","value":"newstore-gift-card"},
			{"name":"variant_updated_at","value":"2022-09-11T22:16:20Z"},
			{"name":"inventory_policy","value":"DENY"},
			{"name":"fulfillment_service","value":"manual"},
			{"name":"inventory_item_id","value":"42467446522012"},
			{"name":"final_sale","value":"false"},
			{"name":"size_custom","value":"DEFAULT TITLE"},
			{"name":"pricebooks","value":"egc-25"}],
					"shipping_dimension_length":0.0,
					"shipping_dimension_width":0.0,
					"shipping_dimension_height":0.0,
					"material":"",
					"google_category":"none",
					"categories":[
			{
				"is_main": false,
				"path": "All",
				"path_separator": " > "
			},
			{
				"is_main": true,
				"path": "All > Gift Card",
				"path_separator": " > "
			}
			],
					"manufacturer":"",
					"country_of_origin":"CN",
					"product_hts_number":"330720"
				}
			
			
    ]
}
