{
  "head": {
    "shop": "storefront-catalog-en",
    "locale": "en-CA",
    "is_master": true,
    "filterable_attributes": [
      {
        "name": "product_id",
        "path": "$.product_id"
      }
    ],
    "searchable_attributes": [
      {
        "name": "product_id",
        "path": "$.product_id",
        "weight": 10
      },
      {
        "name": "variant_group_id",
        "path": "$.variant_group_id",
        "weight": 8
      },
      {
        "name": "upc",
        "path": "$.external_identifiers[?(@.type == 'upc')].value",
        "weight": 5
      }
    ]
  },
  "items": [
    {
      "product_id": "902819V0070548",
      "variant_group_id": "902819",
      "title": "Tea Press Filter",
      "caption": "Tea Press Filter",
      "description": "Tea Press - Filter spare part   Clear",
      "is_published": true,
      "show_in_listing": true,
      "online_from": "2022-11-15T00:16:48.124Z",
      "retailDepartment": "Non-sellable > Supplies > Non-sellable - Supplies - Stores > Non-sellable - Supplies - Stores - Misc",
      "material": "",
      "country_of_origin": "",
      "product_hts_number": "",
      "shipping_weight_value": 0.0,
      "shipping_weight_unit": "kg",
      "shipping_dimension_length": 0.0,
      "shipping_dimension_width": 0.0,
      "shipping_dimension_height": 0.0,
      "shipping_dimension_unit": "cm",
      "variation_color_value": "",
      "variation_size_value": "",
      "google_category": "none",
      "Image": {
        "URL": ""
      },
      "category": {
        "Path": "All > Non-sellable > Supplies > Non-sellable - Supplies - Stores > Non-sellable - Supplies - Stores - Misc"
      },
      "external_identifiers": [
        {
          "type": "upc",
          "value": "803809037099"
        }
      ],
      "extended_attributes": [
        {
          "name": "Loose_leaf_tea_Flag",
          "value": "False"
        },
        {
          "name": "ShortTitle",
          "value": "Tea Press Filter"
        }
      ],
      "tax_class_id": "PG068810"
    },
    {
      "product_id": "903198",
      "variant_group_id": "903198",
      "title": "Gift Card Irredescent Bag (Teal)",
      "caption": "Gift Card Irredescent Bag (Teal)",
      "description": "Gift Card Irredescent Bag (Teal)",
      "is_published": true,
      "show_in_listing": true,
      "online_from": "2022-11-15T00:16:48.124Z",
      "retailDepartment": "Non-sellable > Supplies > Non-sellable - Supplies - Stores > Non-sellable - Supplies - Stores - Service supplies",
      "material": "",
      "country_of_origin": "",
      "product_hts_number": "",
      "shipping_weight_value": 0.0,
      "shipping_weight_unit": "kg",
      "shipping_dimension_length": 0.0,
      "shipping_dimension_width": 0.0,
      "shipping_dimension_height": 0.0,
      "shipping_dimension_unit": "cm",
      "variation_color_value": "",
      "variation_size_value": "",
      "google_category": "none",
      "Image": {
        "URL": ""
      },
      "category": {
        "Path": "All > Non-sellable > Supplies > Non-sellable - Supplies - Stores > Non-sellable - Supplies - Stores - Service supplies"
      },
      "external_identifiers": [
        {
          "type": "upc",
          "value": ""
        }
      ],
      "extended_attributes": [
        {
          "name": "Loose_leaf_tea_Flag",
          "value": "False"
        },
        {
          "name": "ShortTitle",
          "value": "Gift Card Irredescent Bag (Teal)"
        }
      ],
      "tax_class_id": "PF050221"
    },
    {
      "product_id": "903199",
      "variant_group_id": "903199",
      "title": "Gift Card Irredescent Bag (White)",
      "caption": "Gift Card Irredescent Bag (White)",
      "description": "Gift Card Irredescent Bag (White)",
      "is_published": true,
      "show_in_listing": true,
      "online_from": "2022-11-15T00:16:48.124Z",
      "retailDepartment": "Non-sellable > Supplies > Non-sellable - Supplies - Stores > Non-sellable - Supplies - Stores - Service supplies",
      "material": "",
      "country_of_origin": "",
      "product_hts_number": "",
      "shipping_weight_value": 0.0,
      "shipping_weight_unit": "kg",
      "shipping_dimension_length": 0.0,
      "shipping_dimension_width": 0.0,
      "shipping_dimension_height": 0.0,
      "shipping_dimension_unit": "cm",
      "variation_color_value": "",
      "variation_size_value": "",
      "google_category": "none",
      "Image": {
        "URL": ""
      },
      "category": {
        "Path": "All > Non-sellable > Supplies > Non-sellable - Supplies - Stores > Non-sellable - Supplies - Stores - Service supplies"
      },
      "external_identifiers": [
        {
          "type": "upc",
          "value": ""
        }
      ],
      "extended_attributes": [
        {
          "name": "Loose_leaf_tea_Flag",
          "value": "False"
        },
        {
          "name": "ShortTitle",
          "value": "Gift Card Irredescent Bag (White)"
        }
      ],
      "tax_class_id": "PF050221"
    },
    {
      "product_id": "900268V0031665",
      "variant_group_id": "900268",
      "title": "DAVIDsTEA teal gift card",
      "caption": "DAVIDsTEA teal gift card",
      "description": "Gift Card (Store Use) Teal",
      "is_published": true,
      "show_in_listing": true,
      "online_from": "2022-11-15T00:16:48.125Z",
      "retailDepartment": "Non-sellable > Supplies > Non-sellable - Supplies - Stores > Non-sellable - Supplies - Stores - Service supplies",
      "material": "",
      "country_of_origin": "",
      "product_hts_number": "",
      "shipping_weight_value": 0.0,
      "shipping_weight_unit": "kg",
      "shipping_dimension_length": 0.0,
      "shipping_dimension_width": 0.0,
      "shipping_dimension_height": 0.0,
      "shipping_dimension_unit": "cm",
      "variation_color_value": "",
      "variation_size_value": "",
      "google_category": "none",
      "Image": {
        "URL": ""
      },
      "category": {
        "Path": "All > Non-sellable > Supplies > Non-sellable - Supplies - Stores > Non-sellable - Supplies - Stores - Service supplies"
      },
      "external_identifiers": [
        {
          "type": "upc",
          "value": "803809044776"
        }
      ],
      "extended_attributes": [
        {
          "name": "Loose_leaf_tea_Flag",
          "value": "False"
        },
        {
          "name": "ShortTitle",
          "value": "DAVIDsTEA teal gift card"
        }
      ],
      "tax_class_id": "PF050221"
    },
    {
      "product_id": "900268V0079191",
      "variant_group_id": "900268",
      "title": "Gift Card with Envelope",
      "caption": "Gift Card with Envelope",
      "description": "Gift Card (Store Use) Fuscia",
      "is_published": true,
      "show_in_listing": true,
      "online_from": "2022-11-15T00:16:48.125Z",
      "retailDepartment": "Non-sellable > Supplies > Non-sellable - Supplies - Stores > Non-sellable - Supplies - Stores - Service supplies",
      "material": "",
      "country_of_origin": "",
      "product_hts_number": "",
      "shipping_weight_value": 0.0,
      "shipping_weight_unit": "kg",
      "shipping_dimension_length": 0.0,
      "shipping_dimension_width": 0.0,
      "shipping_dimension_height": 0.0,
      "shipping_dimension_unit": "cm",
      "variation_color_value": "",
      "variation_size_value": "",
      "google_category": "none",
      "Image": {
        "URL": ""
      },
      "category": {
        "Path": "All > Non-sellable > Supplies > Non-sellable - Supplies - Stores > Non-sellable - Supplies - Stores - Service supplies"
      },
      "external_identifiers": [
        {
          "type": "upc",
          "value": "803809044783"
        }
      ],
      "extended_attributes": [
        {
          "name": "Loose_leaf_tea_Flag",
          "value": "False"
        },
        {
          "name": "ShortTitle",
          "value": "Gift Card with Envelope"
        }
      ],
      "tax_class_id": "PF050221"
    },
    {
      "product_id": "999016",
      "variant_group_id": "999016",
      "title": "Lid for cold cups (sippy)",
      "caption": "Lid for cold cups (sippy)",
      "description": "Lid for cold cups (sippy)",
      "is_published": true,
      "show_in_listing": true,
      "online_from": "2022-11-15T00:16:48.125Z",
      "retailDepartment": "Non-sellable > Supplies > Non-sellable - Supplies - Stores > Non-sellable - Supplies - Stores - Service supplies",
      "material": "",
      "country_of_origin": "",
      "product_hts_number": "",
      "shipping_weight_value": 0.0,
      "shipping_weight_unit": "kg",
      "shipping_dimension_length": 0.0,
      "shipping_dimension_width": 0.0,
      "shipping_dimension_height": 0.0,
      "shipping_dimension_unit": "cm",
      "variation_color_value": "",
      "variation_size_value": "",
      "google_category": "none",
      "Image": {
        "URL": ""
      },
      "category": {
        "Path": "All > Non-sellable > Supplies > Non-sellable - Supplies - Stores > Non-sellable - Supplies - Stores - Service supplies"
      },
      "external_identifiers": [
        {
          "type": "upc",
          "value": ""
        }
      ],
      "extended_attributes": [
        {
          "name": "Loose_leaf_tea_Flag",
          "value": "False"
        },
        {
          "name": "ShortTitle",
          "value": "Lid for cold cups (sippy)"
        }
      ],
      "tax_class_id": "PG068810"
    },
    {
      "product_id": "900016",
      "variant_group_id": "900016",
      "title": "Silver tin",
      "caption": "Silver tin",
      "description": "Silver tea tin 100g/4oz",
      "is_published": true,
      "show_in_listing": true,
      "online_from": "2022-11-15T00:16:48.125Z",
      "retailDepartment": "Non-sellable > Supplies > Non-sellable - Supplies - Stores > Non-sellable - Supplies - Stores - Backup",
      "material": "",
      "country_of_origin": "",
      "product_hts_number": "",
      "shipping_weight_value": 0.0,
      "shipping_weight_unit": "kg",
      "shipping_dimension_length": 0.0,
      "shipping_dimension_width": 0.0,
      "shipping_dimension_height": 0.0,
      "shipping_dimension_unit": "cm",
      "variation_color_value": "",
      "variation_size_value": "",
      "google_category": "none",
      "Image": {
        "URL": ""
      },
      "category": {
        "Path": "All > Non-sellable > Supplies > Non-sellable - Supplies - Stores > Non-sellable - Supplies - Stores - Backup"
      },
      "external_identifiers": [
        {
          "type": "upc",
          "value": "803809002370"
        }
      ],
      "extended_attributes": [
        {
          "name": "Loose_leaf_tea_Flag",
          "value": "False"
        },
        {
          "name": "ShortTitle",
          "value": "Silver tin"
        }
      ],
      "tax_class_id": "PG068810"
    },
    {
      "product_id": "900233",
      "variant_group_id": "900233",
      "title": "Mega Silver tin",
      "caption": "Mega Silver tin",
      "description": "Silver tea tin 250g/10oz",
      "is_published": true,
      "show_in_listing": true,
      "online_from": "2022-11-15T00:16:48.125Z",
      "retailDepartment": "Non-sellable > Supplies > Non-sellable - Supplies - Stores > Non-sellable - Supplies - Stores - Backup",
      "material": "",
      "country_of_origin": "",
      "product_hts_number": "",
      "shipping_weight_value": 0.0,
      "shipping_weight_unit": "kg",
      "shipping_dimension_length": 0.0,
      "shipping_dimension_width": 0.0,
      "shipping_dimension_height": 0.0,
      "shipping_dimension_unit": "cm",
      "variation_color_value": "",
      "variation_size_value": "",
      "google_category": "none",
      "Image": {
        "URL": ""
      },
      "category": {
        "Path": "All > Non-sellable > Supplies > Non-sellable - Supplies - Stores > Non-sellable - Supplies - Stores - Backup"
      },
      "external_identifiers": [
        {
          "type": "upc",
          "value": "803809002387"
        }
      ],
      "extended_attributes": [
        {
          "name": "Loose_leaf_tea_Flag",
          "value": "False"
        },
        {
          "name": "ShortTitle",
          "value": "Mega Silver tin"
        }
      ],
      "tax_class_id": "PG068810"
    },
    {
      "product_id": "60788",
      "variant_group_id": "60788",
      "title": "Sweet Potato Pie (Sachet Cut)",
      "caption": "Sweet Potato Pie (Sachet Cut)",
      "description": "Sweet Potato Pie (Sachet Cut)",
      "is_published": true,
      "show_in_listing": true,
      "online_from": "2022-11-15T00:16:48.125Z",
      "retailDepartment": "Non-sellable > Packaging > Non-sellable - Packaging > Non-sellable - Packaging",
      "material": "",
      "country_of_origin": "",
      "product_hts_number": "",
      "shipping_weight_value": 0.0,
      "shipping_weight_unit": "kg",
      "shipping_dimension_length": 0.0,
      "shipping_dimension_width": 0.0,
      "shipping_dimension_height": 0.0,
      "shipping_dimension_unit": "cm",
      "variation_color_value": "",
      "variation_size_value": "",
      "google_category": "none",
      "Image": {
        "URL": ""
      },
      "category": {
        "Path": "All > Non-sellable > Packaging > Non-sellable - Packaging > Non-sellable - Packaging"
      },
      "external_identifiers": [
        {
          "type": "upc",
          "value": ""
        }
      ],
      "extended_attributes": [
        {
          "name": "Loose_leaf_tea_Flag",
          "value": "False"
        },
        {
          "name": "ShortTitle",
          "value": "Sweet Potato Pie (Sachet Cut)"
        }
      ],
      "tax_class_id": "PF050221"
    },
    {
      "product_id": "903399",
      "variant_group_id": "903399",
      "title": "Box - So Matcha Love",
      "caption": "Box - So Matcha Love",
      "description": "Box - So Matcha Love",
      "is_published": true,
      "show_in_listing": true,
      "online_from": "2022-11-15T00:16:48.125Z",
      "retailDepartment": "Non-sellable > Packaging > Non-sellable - Packaging > Non-sellable - Packaging",
      "material": "",
      "country_of_origin": "",
      "product_hts_number": "",
      "shipping_weight_value": 0.0,
      "shipping_weight_unit": "kg",
      "shipping_dimension_length": 0.0,
      "shipping_dimension_width": 0.0,
      "shipping_dimension_height": 0.0,
      "shipping_dimension_unit": "cm",
      "variation_color_value": "",
      "variation_size_value": "",
      "google_category": "none",
      "Image": {
        "URL": ""
      },
      "category": {
        "Path": "All > Non-sellable > Packaging > Non-sellable - Packaging > Non-sellable - Packaging"
      },
      "external_identifiers": [
        {
          "type": "upc",
          "value": "803809080842"
        }
      ],
      "extended_attributes": [
        {
          "name": "Loose_leaf_tea_Flag",
          "value": "False"
        },
        {
          "name": "ShortTitle",
          "value": "Box - So Matcha Love"
        }
      ],
      "tax_class_id": "PG081618"
    },
    {
      "product_id": "60794",
      "variant_group_id": "60794",
      "title": "Dragonfruit Aloe (Sachet Cut)",
      "caption": "Dragonfruit Aloe (Sachet Cut)",
      "description": "Dragonfruit Aloe (Sachet Cut)",
      "is_published": true,
      "show_in_listing": true,
      "online_from": "2022-11-15T00:16:48.125Z",
      "retailDepartment": "Non-sellable > Packaging > Non-sellable - Packaging > Non-sellable - Packaging",
      "material": "",
      "country_of_origin": "",
      "product_hts_number": "",
      "shipping_weight_value": 0.0,
      "shipping_weight_unit": "kg",
      "shipping_dimension_length": 0.0,
      "shipping_dimension_width": 0.0,
      "shipping_dimension_height": 0.0,
      "shipping_dimension_unit": "cm",
      "variation_color_value": "",
      "variation_size_value": "",
      "google_category": "none",
      "Image": {
        "URL": ""
      },
      "category": {
        "Path": "All > Non-sellable > Packaging > Non-sellable - Packaging > Non-sellable - Packaging"
      },
      "external_identifiers": [
        {
          "type": "upc",
          "value": ""
        }
      ],
      "extended_attributes": [
        {
          "name": "Loose_leaf_tea_Flag",
          "value": "False"
        },
        {
          "name": "ShortTitle",
          "value": "Dragonfruit Aloe (Sachet Cut)"
        }
      ],
      "tax_class_id": "PF050221"
    },
    {
      "product_id": "60706",
      "variant_group_id": "60706",
      "title": "Zest Wishes (Sachet Cut)",
      "caption": "Zest Wishes (Sachet Cut)",
      "description": "Zest Wishes (Sachet Cut)",
      "is_published": true,
      "show_in_listing": true,
      "online_from": "2022-11-15T00:16:48.125Z",
      "retailDepartment": "Non-sellable > Packaging > Non-sellable - Packaging > Non-sellable - Packaging",
      "material": "",
      "country_of_origin": "",
      "product_hts_number": "",
      "shipping_weight_value": 0.0,
      "shipping_weight_unit": "kg",
      "shipping_dimension_length": 0.0,
      "shipping_dimension_width": 0.0,
      "shipping_dimension_height": 0.0,
      "shipping_dimension_unit": "cm",
      "variation_color_value": "",
      "variation_size_value": "",
      "google_category": "none",
      "Image": {
        "URL": ""
      },
      "category": {
        "Path": "All > Non-sellable > Packaging > Non-sellable - Packaging > Non-sellable - Packaging"
      },
      "external_identifiers": [
        {
          "type": "upc",
          "value": ""
        }
      ],
      "extended_attributes": [
        {
          "name": "Loose_leaf_tea_Flag",
          "value": "False"
        },
        {
          "name": "ShortTitle",
          "value": "Zest Wishes (Sachet Cut)"
        }
      ],
      "tax_class_id": "PF050221"
    },
    {
      "product_id": "60819",
      "variant_group_id": "60819",
      "title": "Sunny C (Sachet Cut)",
      "caption": "Sunny C (Sachet Cut)",
      "description": "Sunny C (Sachet Cut)",
      "is_published": true,
      "show_in_listing": true,
      "online_from": "2022-11-15T00:16:48.125Z",
      "retailDepartment": "Non-sellable > Packaging > Non-sellable - Packaging > Non-sellable - Packaging",
      "material": "",
      "country_of_origin": "",
      "product_hts_number": "",
      "shipping_weight_value": 0.0,
      "shipping_weight_unit": "kg",
      "shipping_dimension_length": 0.0,
      "shipping_dimension_width": 0.0,
      "shipping_dimension_height": 0.0,
      "shipping_dimension_unit": "cm",
      "variation_color_value": "",
      "variation_size_value": "",
      "google_category": "none",
      "Image": {
        "URL": ""
      },
      "category": {
        "Path": "All > Non-sellable > Packaging > Non-sellable - Packaging > Non-sellable - Packaging"
      },
      "external_identifiers": [
        {
          "type": "upc",
          "value": ""
        }
      ],
      "extended_attributes": [
        {
          "name": "Loose_leaf_tea_Flag",
          "value": "False"
        },
        {
          "name": "ShortTitle",
          "value": "Sunny C (Sachet Cut)"
        }
      ],
      "tax_class_id": "PF050221"
    },
    {
      "product_id": "60770",
      "variant_group_id": "60770",
      "title": "Maple Chai (Sachet cut)",
      "caption": "Maple Chai (Sachet cut)",
      "description": "Maple Chai (Sachet cut)",
      "is_published": true,
      "show_in_listing": true,
      "online_from": "2022-11-15T00:16:48.125Z",
      "retailDepartment": "Non-sellable > Packaging > Non-sellable - Packaging > Non-sellable - Packaging",
      "material": "",
      "country_of_origin": "",
      "product_hts_number": "",
      "shipping_weight_value": 0.0,
      "shipping_weight_unit": "kg",
      "shipping_dimension_length": 0.0,
      "shipping_dimension_width": 0.0,
      "shipping_dimension_height": 0.0,
      "shipping_dimension_unit": "cm",
      "variation_color_value": "",
      "variation_size_value": "",
      "google_category": "none",
      "Image": {
        "URL": ""
      },
      "category": {
        "Path": "All > Non-sellable > Packaging > Non-sellable - Packaging > Non-sellable - Packaging"
      },
      "external_identifiers": [
        {
          "type": "upc",
          "value": ""
        }
      ],
      "extended_attributes": [
        {
          "name": "Loose_leaf_tea_Flag",
          "value": "False"
        },
        {
          "name": "ShortTitle",
          "value": "Maple Chai (Sachet cut)"
        }
      ],
      "tax_class_id": "PF050221"
    },
    {
      "product_id": "60690",
      "variant_group_id": "60690",
      "title": "Hibiscus Splash (Sachet Cut)",
      "caption": "Hibiscus Splash (Sachet Cut)",
      "description": "Hibiscus Splash (Sachet Cut)",
      "is_published": true,
      "show_in_listing": true,
      "online_from": "2022-11-15T00:16:48.126Z",
      "retailDepartment": "Non-sellable > Packaging > Non-sellable - Packaging > Non-sellable - Packaging",
      "material": "",
      "country_of_origin": "",
      "product_hts_number": "",
      "shipping_weight_value": 0.0,
      "shipping_weight_unit": "kg",
      "shipping_dimension_length": 0.0,
      "shipping_dimension_width": 0.0,
      "shipping_dimension_height": 0.0,
      "shipping_dimension_unit": "cm",
      "variation_color_value": "",
      "variation_size_value": "",
      "google_category": "none",
      "Image": {
        "URL": ""
      },
      "category": {
        "Path": "All > Non-sellable > Packaging > Non-sellable - Packaging > Non-sellable - Packaging"
      },
      "external_identifiers": [
        {
          "type": "upc",
          "value": ""
        }
      ],
      "extended_attributes": [
        {
          "name": "Loose_leaf_tea_Flag",
          "value": "False"
        },
        {
          "name": "ShortTitle",
          "value": "Hibiscus Splash (Sachet Cut)"
        }
      ],
      "tax_class_id": "PF050221"
    },
    {
      "product_id": "60818",
      "variant_group_id": "60818",
      "title": "Blood Orange Boost (Sachet Cut)",
      "caption": "Blood Orange Boost (Sachet Cut)",
      "description": "Blood Orange Boost (Sachet Cut)",
      "is_published": true,
      "show_in_listing": true,
      "online_from": "2022-11-15T00:16:48.126Z",
      "retailDepartment": "Non-sellable > Packaging > Non-sellable - Packaging > Non-sellable - Packaging",
      "material": "",
      "country_of_origin": "",
      "product_hts_number": "",
      "shipping_weight_value": 0.0,
      "shipping_weight_unit": "kg",
      "shipping_dimension_length": 0.0,
      "shipping_dimension_width": 0.0,
      "shipping_dimension_height": 0.0,
      "shipping_dimension_unit": "cm",
      "variation_color_value": "",
      "variation_size_value": "",
      "google_category": "none",
      "Image": {
        "URL": ""
      },
      "category": {
        "Path": "All > Non-sellable > Packaging > Non-sellable - Packaging > Non-sellable - Packaging"
      },
      "external_identifiers": [
        {
          "type": "upc",
          "value": ""
        }
      ],
      "extended_attributes": [
        {
          "name": "Loose_leaf_tea_Flag",
          "value": "False"
        },
        {
          "name": "ShortTitle",
          "value": "Blood Orange Boost (Sachet Cut)"
        }
      ],
      "tax_class_id": "PF050221"
    },
    {
      "product_id": "60674",
      "variant_group_id": "60674",
      "title": "Sunny C (Sachet Cut)",
      "caption": "Sunny C (Sachet Cut)",
      "description": "Sunny C (Sachet Cut)",
      "is_published": true,
      "show_in_listing": true,
      "online_from": "2022-11-15T00:16:48.126Z",
      "retailDepartment": "Non-sellable > Packaging > Non-sellable - Packaging > Non-sellable - Packaging",
      "material": "",
      "country_of_origin": "",
      "product_hts_number": "",
      "shipping_weight_value": 0.0,
      "shipping_weight_unit": "kg",
      "shipping_dimension_length": 0.0,
      "shipping_dimension_width": 0.0,
      "shipping_dimension_height": 0.0,
      "shipping_dimension_unit": "cm",
      "variation_color_value": "",
      "variation_size_value": "",
      "google_category": "none",
      "Image": {
        "URL": ""
      },
      "category": {
        "Path": "All > Non-sellable > Packaging > Non-sellable - Packaging > Non-sellable - Packaging"
      },
      "external_identifiers": [
        {
          "type": "upc",
          "value": ""
        }
      ],
      "extended_attributes": [
        {
          "name": "Loose_leaf_tea_Flag",
          "value": "False"
        },
        {
          "name": "ShortTitle",
          "value": "Sunny C (Sachet Cut)"
        }
      ],
      "tax_class_id": "PF050221"
    },
    {
      "product_id": "60868",
      "variant_group_id": "60868",
      "title": "Merry Mistletoe (Sachet Cut)",
      "caption": "Merry Mistletoe (Sachet Cut)",
      "description": "Merry Mistletoe (Sachet Cut)",
      "is_published": true,
      "show_in_listing": true,
      "online_from": "2022-11-15T00:16:48.126Z",
      "retailDepartment": "Non-sellable > Packaging > Non-sellable - Packaging > Non-sellable - Packaging",
      "material": "",
      "country_of_origin": "",
      "product_hts_number": "",
      "shipping_weight_value": 0.0,
      "shipping_weight_unit": "kg",
      "shipping_dimension_length": 0.0,
      "shipping_dimension_width": 0.0,
      "shipping_dimension_height": 0.0,
      "shipping_dimension_unit": "cm",
      "variation_color_value": "",
      "variation_size_value": "",
      "google_category": "none",
      "Image": {
        "URL": ""
      },
      "category": {
        "Path": "All > Non-sellable > Packaging > Non-sellable - Packaging > Non-sellable - Packaging"
      },
      "external_identifiers": [
        {
          "type": "upc",
          "value": ""
        }
      ],
      "extended_attributes": [
        {
          "name": "Loose_leaf_tea_Flag",
          "value": "False"
        },
        {
          "name": "ShortTitle",
          "value": "Merry Mistletoe (Sachet Cut)"
        }
      ],
      "tax_class_id": "PF050221"
    },
    {
      "product_id": "60874",
      "variant_group_id": "60874",
      "title": "Mandarin Mimosa (Sachet Cut)",
      "caption": "Mandarin Mimosa (Sachet Cut)",
      "description": "Mandarin Mimosa (Sachet Cut)",
      "is_published": true,
      "show_in_listing": true,
      "online_from": "2022-11-15T00:16:48.126Z",
      "retailDepartment": "Non-sellable > Packaging > Non-sellable - Packaging > Non-sellable - Packaging",
      "material": "",
      "country_of_origin": "",
      "product_hts_number": "",
      "shipping_weight_value": 0.0,
      "shipping_weight_unit": "kg",
      "shipping_dimension_length": 0.0,
      "shipping_dimension_width": 0.0,
      "shipping_dimension_height": 0.0,
      "shipping_dimension_unit": "cm",
      "variation_color_value": "",
      "variation_size_value": "",
      "google_category": "none",
      "Image": {
        "URL": ""
      },
      "category": {
        "Path": "All > Non-sellable > Packaging > Non-sellable - Packaging > Non-sellable - Packaging"
      },
      "external_identifiers": [
        {
          "type": "upc",
          "value": ""
        }
      ],
      "extended_attributes": [
        {
          "name": "Loose_leaf_tea_Flag",
          "value": "False"
        },
        {
          "name": "ShortTitle",
          "value": "Mandarin Mimosa (Sachet Cut)"
        }
      ],
      "tax_class_id": "PF050221"
    },
    {
      "product_id": "60348",
      "variant_group_id": "60348",
      "title": "Buddha's Blend (Sachet Cut)",
      "caption": "Buddha's Blend (Sachet Cut)",
      "description": "Buddha's Blend (Sachet Cut)",
      "is_published": true,
      "show_in_listing": true,
      "online_from": "2022-11-15T00:16:48.126Z",
      "retailDepartment": "Non-sellable > Packaging > Non-sellable - Packaging > Non-sellable - Packaging",
      "material": "",
      "country_of_origin": "",
      "product_hts_number": "",
      "shipping_weight_value": 0.0,
      "shipping_weight_unit": "kg",
      "shipping_dimension_length": 0.0,
      "shipping_dimension_width": 0.0,
      "shipping_dimension_height": 0.0,
      "shipping_dimension_unit": "cm",
      "variation_color_value": "",
      "variation_size_value": "",
      "google_category": "none",
      "Image": {
        "URL": ""
      },
      "category": {
        "Path": "All > Non-sellable > Packaging > Non-sellable - Packaging > Non-sellable - Packaging"
      },
      "external_identifiers": [
        {
          "type": "upc",
          "value": ""
        }
      ],
      "extended_attributes": [
        {
          "name": "Loose_leaf_tea_Flag",
          "value": "False"
        },
        {
          "name": "ShortTitle",
          "value": "Buddha's Blend (Sachet Cut)"
        }
      ],
      "tax_class_id": "PF050221"
    },
    {
      "product_id": "60842",
      "variant_group_id": "60842",
      "title": "Butterscotch Chai (Sachet Cut)",
      "caption": "Butterscotch Chai (Sachet Cut)",
      "description": "Butterscotch Chai (Sachet Cut)",
      "is_published": true,
      "show_in_listing": true,
      "online_from": "2022-11-15T00:16:48.126Z",
      "retailDepartment": "Non-sellable > Packaging > Non-sellable - Packaging > Non-sellable - Packaging",
      "material": "",
      "country_of_origin": "",
      "product_hts_number": "",
      "shipping_weight_value": 0.0,
      "shipping_weight_unit": "kg",
      "shipping_dimension_length": 0.0,
      "shipping_dimension_width": 0.0,
      "shipping_dimension_height": 0.0,
      "shipping_dimension_unit": "cm",
      "variation_color_value": "",
      "variation_size_value": "",
      "google_category": "none",
      "Image": {
        "URL": ""
      },
      "category": {
        "Path": "All > Non-sellable > Packaging > Non-sellable - Packaging > Non-sellable - Packaging"
      },
      "external_identifiers": [
        {
          "type": "upc",
          "value": ""
        }
      ],
      "extended_attributes": [
        {
          "name": "Loose_leaf_tea_Flag",
          "value": "False"
        },
        {
          "name": "ShortTitle",
          "value": "Butterscotch Chai (Sachet Cut)"
        }
      ],
      "tax_class_id": "PF050221"
    },
    {
      "product_id": "950098",
      "variant_group_id": "950098",
      "title": "Mini Matcha Bowl w/ Spout for a Kits V3",
      "caption": "Mini Matcha Bowl w/ Spout for a Kits V3",
      "description": "Mini Matcha Bowl w/ Spout for a Kits V3",
      "is_published": true,
      "show_in_listing": true,
      "online_from": "2022-11-15T00:16:48.126Z",
      "retailDepartment": "Non-sellable > Packaging > Non-sellable - Packaging > Non-sellable - Packaging",
      "material": "",
      "country_of_origin": "",
      "product_hts_number": "",
      "shipping_weight_value": 0.0,
      "shipping_weight_unit": "kg",
      "shipping_dimension_length": 0.0,
      "shipping_dimension_width": 0.0,
      "shipping_dimension_height": 0.0,
      "shipping_dimension_unit": "cm",
      "variation_color_value": "",
      "variation_size_value": "",
      "google_category": "none",
      "Image": {
        "URL": ""
      },
      "category": {
        "Path": "All > Non-sellable > Packaging > Non-sellable - Packaging > Non-sellable - Packaging"
      },
      "external_identifiers": [
        {
          "type": "upc",
          "value": ""
        }
      ],
      "extended_attributes": [
        {
          "name": "Loose_leaf_tea_Flag",
          "value": "False"
        },
        {
          "name": "ShortTitle",
          "value": "Mini Matcha Bowl w/ Spout for a Kits V3"
        }
      ],
      "tax_class_id": "PG068810"
    },
    {
      "product_id": "60502",
      "variant_group_id": "60502",
      "title": "Raspberry Mojito (Sachet Cut)",
      "caption": "Raspberry Mojito (Sachet Cut)",
      "description": "Raspberry Mojito (Sachet Cut)",
      "is_published": true,
      "show_in_listing": true,
      "online_from": "2022-11-15T00:16:48.126Z",
      "retailDepartment": "Non-sellable > Packaging > Non-sellable - Packaging > Non-sellable - Packaging",
      "material": "",
      "country_of_origin": "",
      "product_hts_number": "",
      "shipping_weight_value": 0.0,
      "shipping_weight_unit": "kg",
      "shipping_dimension_length": 0.0,
      "shipping_dimension_width": 0.0,
      "shipping_dimension_height": 0.0,
      "shipping_dimension_unit": "cm",
      "variation_color_value": "",
      "variation_size_value": "",
      "google_category": "none",
      "Image": {
        "URL": ""
      },
      "category": {
        "Path": "All > Non-sellable > Packaging > Non-sellable - Packaging > Non-sellable - Packaging"
      },
      "external_identifiers": [
        {
          "type": "upc",
          "value": ""
        }
      ],
      "extended_attributes": [
        {
          "name": "Loose_leaf_tea_Flag",
          "value": "False"
        },
        {
          "name": "ShortTitle",
          "value": "Raspberry Mojito (Sachet Cut)"
        }
      ],
      "tax_class_id": "PF050221"
    },
    {
      "product_id": "60661",
      "variant_group_id": "60661",
      "title": "Sweet Tart (Sachet Cut)",
      "caption": "Sweet Tart (Sachet Cut)",
      "description": "Sweet Tart (Sachet Cut)",
      "is_published": true,
      "show_in_listing": true,
      "online_from": "2022-11-15T00:16:48.126Z",
      "retailDepartment": "Non-sellable > Packaging > Non-sellable - Packaging > Non-sellable - Packaging",
      "material": "",
      "country_of_origin": "",
      "product_hts_number": "",
      "shipping_weight_value": 0.0,
      "shipping_weight_unit": "kg",
      "shipping_dimension_length": 0.0,
      "shipping_dimension_width": 0.0,
      "shipping_dimension_height": 0.0,
      "shipping_dimension_unit": "cm",
      "variation_color_value": "",
      "variation_size_value": "",
      "google_category": "none",
      "Image": {
        "URL": ""
      },
      "category": {
        "Path": "All > Non-sellable > Packaging > Non-sellable - Packaging > Non-sellable - Packaging"
      },
      "external_identifiers": [
        {
          "type": "upc",
          "value": ""
        }
      ],
      "extended_attributes": [
        {
          "name": "Loose_leaf_tea_Flag",
          "value": "False"
        },
        {
          "name": "ShortTitle",
          "value": "Sweet Tart (Sachet Cut)"
        }
      ],
      "tax_class_id": "PF050221"
    },
    {
      "product_id": "60922",
      "variant_group_id": "60922",
      "title": "Banana Bread Chai (Sachet Cut)",
      "caption": "Banana Bread Chai (Sachet Cut)",
      "description": "Banana Bread Chai (Sachet Cut)",
      "is_published": true,
      "show_in_listing": true,
      "online_from": "2022-11-15T00:16:48.126Z",
      "retailDepartment": "Non-sellable > Packaging > Non-sellable - Packaging > Non-sellable - Packaging",
      "material": "",
      "country_of_origin": "",
      "product_hts_number": "",
      "shipping_weight_value": 0.0,
      "shipping_weight_unit": "kg",
      "shipping_dimension_length": 0.0,
      "shipping_dimension_width": 0.0,
      "shipping_dimension_height": 0.0,
      "shipping_dimension_unit": "cm",
      "variation_color_value": "",
      "variation_size_value": "",
      "google_category": "none",
      "Image": {
        "URL": ""
      },
      "category": {
        "Path": "All > Non-sellable > Packaging > Non-sellable - Packaging > Non-sellable - Packaging"
      },
      "external_identifiers": [
        {
          "type": "upc",
          "value": ""
        }
      ],
      "extended_attributes": [
        {
          "name": "Loose_leaf_tea_Flag",
          "value": "False"
        },
        {
          "name": "ShortTitle",
          "value": "Banana Bread Chai (Sachet Cut)"
        }
      ],
      "tax_class_id": "PF050221"
    },
    {
      "product_id": "60316",
      "variant_group_id": "60316",
      "title": "Sleigh Ride (Sachet Cut)",
      "caption": "Sleigh Ride (Sachet Cut)",
      "description": "Sleigh Ride (Sachet Cut)",
      "is_published": true,
      "show_in_listing": true,
      "online_from": "2022-11-15T00:16:48.127Z",
      "retailDepartment": "Non-sellable > Packaging > Non-sellable - Packaging > Non-sellable - Packaging",
      "material": "",
      "country_of_origin": "",
      "product_hts_number": "",
      "shipping_weight_value": 0.0,
      "shipping_weight_unit": "kg",
      "shipping_dimension_length": 0.0,
      "shipping_dimension_width": 0.0,
      "shipping_dimension_height": 0.0,
      "shipping_dimension_unit": "cm",
      "variation_color_value": "",
      "variation_size_value": "",
      "google_category": "none",
      "Image": {
        "URL": ""
      },
      "category": {
        "Path": "All > Non-sellable > Packaging > Non-sellable - Packaging > Non-sellable - Packaging"
      },
      "external_identifiers": [
        {
          "type": "upc",
          "value": "2060316000000"
        }
      ],
      "extended_attributes": [
        {
          "name": "Loose_leaf_tea_Flag",
          "value": "False"
        },
        {
          "name": "ShortTitle",
          "value": "Sleigh Ride (Sachet Cut)"
        }
      ],
      "tax_class_id": "PF050221"
    },
    {
      "product_id": "60179",
      "variant_group_id": "60179",
      "title": "Forever Nuts (Sachet Cut)",
      "caption": "Forever Nuts (Sachet Cut)",
      "description": "Forever Nuts (Sachet Cut)",
      "is_published": true,
      "show_in_listing": true,
      "online_from": "2022-11-15T00:16:48.127Z",
      "retailDepartment": "Non-sellable > Packaging > Non-sellable - Packaging > Non-sellable - Packaging",
      "material": "",
      "country_of_origin": "",
      "product_hts_number": "",
      "shipping_weight_value": 0.0,
      "shipping_weight_unit": "kg",
      "shipping_dimension_length": 0.0,
      "shipping_dimension_width": 0.0,
      "shipping_dimension_height": 0.0,
      "shipping_dimension_unit": "cm",
      "variation_color_value": "",
      "variation_size_value": "",
      "google_category": "none",
      "Image": {
        "URL": ""
      },
      "category": {
        "Path": "All > Non-sellable > Packaging > Non-sellable - Packaging > Non-sellable - Packaging"
      },
      "external_identifiers": [
        {
          "type": "upc",
          "value": ""
        }
      ],
      "extended_attributes": [
        {
          "name": "Loose_leaf_tea_Flag",
          "value": "False"
        },
        {
          "name": "ShortTitle",
          "value": "Forever Nuts (Sachet Cut)"
        }
      ],
      "tax_class_id": "PF050221"
    },
    {
      "product_id": "60212",
      "variant_group_id": "60212",
      "title": "Cherry Blossom (Sachet Cut)",
      "caption": "Cherry Blossom (Sachet Cut)",
      "description": "Cherry Blossom (Sachet Cut)",
      "is_published": true,
      "show_in_listing": true,
      "online_from": "2022-11-15T00:16:48.127Z",
      "retailDepartment": "Non-sellable > Packaging > Non-sellable - Packaging > Non-sellable - Packaging",
      "material": "",
      "country_of_origin": "",
      "product_hts_number": "",
      "shipping_weight_value": 0.0,
      "shipping_weight_unit": "kg",
      "shipping_dimension_length": 0.0,
      "shipping_dimension_width": 0.0,
      "shipping_dimension_height": 0.0,
      "shipping_dimension_unit": "cm",
      "variation_color_value": "",
      "variation_size_value": "",
      "google_category": "none",
      "Image": {
        "URL": ""
      },
      "category": {
        "Path": "All > Non-sellable > Packaging > Non-sellable - Packaging > Non-sellable - Packaging"
      },
      "external_identifiers": [
        {
          "type": "upc",
          "value": ""
        }
      ],
      "extended_attributes": [
        {
          "name": "Loose_leaf_tea_Flag",
          "value": "False"
        },
        {
          "name": "ShortTitle",
          "value": "Cherry Blossom (Sachet Cut)"
        }
      ],
      "tax_class_id": "PF050221"
    },
    {
      "product_id": "60303",
      "variant_group_id": "60303",
      "title": "Alpine Punch (Sachet Cut)",
      "caption": "Alpine Punch (Sachet Cut)",
      "description": "Alpine Punch (Sachet Cut)",
      "is_published": true,
      "show_in_listing": true,
      "online_from": "2022-11-15T00:16:48.127Z",
      "retailDepartment": "Non-sellable > Packaging > Non-sellable - Packaging > Non-sellable - Packaging",
      "material": "",
      "country_of_origin": "",
      "product_hts_number": "",
      "shipping_weight_value": 0.0,
      "shipping_weight_unit": "kg",
      "shipping_dimension_length": 0.0,
      "shipping_dimension_width": 0.0,
      "shipping_dimension_height": 0.0,
      "shipping_dimension_unit": "cm",
      "variation_color_value": "",
      "variation_size_value": "",
      "google_category": "none",
      "Image": {
        "URL": ""
      },
      "category": {
        "Path": "All > Non-sellable > Packaging > Non-sellable - Packaging > Non-sellable - Packaging"
      },
      "external_identifiers": [
        {
          "type": "upc",
          "value": ""
        }
      ],
      "extended_attributes": [
        {
          "name": "Loose_leaf_tea_Flag",
          "value": "False"
        },
        {
          "name": "ShortTitle",
          "value": "Alpine Punch (Sachet Cut)"
        }
      ],
      "tax_class_id": "PF050221"
    },
    {
      "product_id": "60739",
      "variant_group_id": "60739",
      "title": "Rainbow Lemonade (Sachet Cut)",
      "caption": "Rainbow Lemonade (Sachet Cut)",
      "description": "Rainbow Lemonade (Sachet Cut)",
      "is_published": true,
      "show_in_listing": true,
      "online_from": "2022-11-15T00:16:48.127Z",
      "retailDepartment": "Non-sellable > Packaging > Non-sellable - Packaging > Non-sellable - Packaging",
      "material": "",
      "country_of_origin": "",
      "product_hts_number": "",
      "shipping_weight_value": 0.0,
      "shipping_weight_unit": "kg",
      "shipping_dimension_length": 0.0,
      "shipping_dimension_width": 0.0,
      "shipping_dimension_height": 0.0,
      "shipping_dimension_unit": "cm",
      "variation_color_value": "",
      "variation_size_value": "",
      "google_category": "none",
      "Image": {
        "URL": ""
      },
      "category": {
        "Path": "All > Non-sellable > Packaging > Non-sellable - Packaging > Non-sellable - Packaging"
      },
      "external_identifiers": [
        {
          "type": "upc",
          "value": ""
        }
      ],
      "extended_attributes": [
        {
          "name": "Loose_leaf_tea_Flag",
          "value": "False"
        },
        {
          "name": "ShortTitle",
          "value": "Rainbow Lemonade (Sachet Cut)"
        }
      ],
      "tax_class_id": "PF050221"
    },
    {
      "product_id": "60760",
      "variant_group_id": "60760",
      "title": "Vanilla Cappuccino (Sachet Cut)",
      "caption": "Vanilla Cappuccino (Sachet Cut)",
      "description": "Vanilla Cappuccino (Sachet Cut)",
      "is_published": true,
      "show_in_listing": true,
      "online_from": "2022-11-15T00:16:48.127Z",
      "retailDepartment": "Non-sellable > Packaging > Non-sellable - Packaging > Non-sellable - Packaging",
      "material": "",
      "country_of_origin": "",
      "product_hts_number": "",
      "shipping_weight_value": 0.0,
      "shipping_weight_unit": "kg",
      "shipping_dimension_length": 0.0,
      "shipping_dimension_width": 0.0,
      "shipping_dimension_height": 0.0,
      "shipping_dimension_unit": "cm",
      "variation_color_value": "",
      "variation_size_value": "",
      "google_category": "none",
      "Image": {
        "URL": ""
      },
      "category": {
        "Path": "All > Non-sellable > Packaging > Non-sellable - Packaging > Non-sellable - Packaging"
      },
      "external_identifiers": [
        {
          "type": "upc",
          "value": ""
        }
      ],
      "extended_attributes": [
        {
          "name": "Loose_leaf_tea_Flag",
          "value": "False"
        },
        {
          "name": "ShortTitle",
          "value": "Vanilla Cappuccino (Sachet Cut)"
        }
      ],
      "tax_class_id": "PF050221"
    },
    {
      "product_id": "60769",
      "variant_group_id": "60769",
      "title": "David's Chai (Org) (Sachet Cut)",
      "caption": "David's Chai (Org) (Sachet Cut)",
      "description": "David's Chai (Org) (Sachet Cut)",
      "is_published": true,
      "show_in_listing": true,
      "online_from": "2022-11-15T00:16:48.127Z",
      "retailDepartment": "Non-sellable > Packaging > Non-sellable - Packaging > Non-sellable - Packaging",
      "material": "",
      "country_of_origin": "",
      "product_hts_number": "",
      "shipping_weight_value": 0.0,
      "shipping_weight_unit": "kg",
      "shipping_dimension_length": 0.0,
      "shipping_dimension_width": 0.0,
      "shipping_dimension_height": 0.0,
      "shipping_dimension_unit": "cm",
      "variation_color_value": "",
      "variation_size_value": "",
      "google_category": "none",
      "Image": {
        "URL": ""
      },
      "category": {
        "Path": "All > Non-sellable > Packaging > Non-sellable - Packaging > Non-sellable - Packaging"
      },
      "external_identifiers": [
        {
          "type": "upc",
          "value": ""
        }
      ],
      "extended_attributes": [
        {
          "name": "Loose_leaf_tea_Flag",
          "value": "False"
        },
        {
          "name": "ShortTitle",
          "value": "David's Chai (Org) (Sachet Cut)"
        }
      ],
      "tax_class_id": "PF050221"
    },
    {
      "product_id": "60782",
      "variant_group_id": "60782",
      "title": "Baked Apple Chai (Sachet Cut)",
      "caption": "Baked Apple Chai (Sachet Cut)",
      "description": "Baked Apple Chai (Sachet Cut)",
      "is_published": true,
      "show_in_listing": true,
      "online_from": "2022-11-15T00:16:48.127Z",
      "retailDepartment": "Non-sellable > Packaging > Non-sellable - Packaging > Non-sellable - Packaging",
      "material": "",
      "country_of_origin": "",
      "product_hts_number": "",
      "shipping_weight_value": 0.0,
      "shipping_weight_unit": "kg",
      "shipping_dimension_length": 0.0,
      "shipping_dimension_width": 0.0,
      "shipping_dimension_height": 0.0,
      "shipping_dimension_unit": "cm",
      "variation_color_value": "",
      "variation_size_value": "",
      "google_category": "none",
      "Image": {
        "URL": ""
      },
      "category": {
        "Path": "All > Non-sellable > Packaging > Non-sellable - Packaging > Non-sellable - Packaging"
      },
      "external_identifiers": [
        {
          "type": "upc",
          "value": ""
        }
      ],
      "extended_attributes": [
        {
          "name": "Loose_leaf_tea_Flag",
          "value": "False"
        },
        {
          "name": "ShortTitle",
          "value": "Baked Apple Chai (Sachet Cut)"
        }
      ],
      "tax_class_id": "PF050221"
    },
    {
      "product_id": "60784",
      "variant_group_id": "60784",
      "title": "Forever Frosty (Sachet Cut)",
      "caption": "Forever Frosty (Sachet Cut)",
      "description": "Forever Frosty (Sachet Cut)",
      "is_published": true,
      "show_in_listing": true,
      "online_from": "2022-11-15T00:16:48.127Z",
      "retailDepartment": "Non-sellable > Packaging > Non-sellable - Packaging > Non-sellable - Packaging",
      "material": "",
      "country_of_origin": "",
      "product_hts_number": "",
      "shipping_weight_value": 0.0,
      "shipping_weight_unit": "kg",
      "shipping_dimension_length": 0.0,
      "shipping_dimension_width": 0.0,
      "shipping_dimension_height": 0.0,
      "shipping_dimension_unit": "cm",
      "variation_color_value": "",
      "variation_size_value": "",
      "google_category": "none",
      "Image": {
        "URL": ""
      },
      "category": {
        "Path": "All > Non-sellable > Packaging > Non-sellable - Packaging > Non-sellable - Packaging"
      },
      "external_identifiers": [
        {
          "type": "upc",
          "value": ""
        }
      ],
      "extended_attributes": [
        {
          "name": "Loose_leaf_tea_Flag",
          "value": "False"
        },
        {
          "name": "ShortTitle",
          "value": "Forever Frosty (Sachet Cut)"
        }
      ],
      "tax_class_id": "PF050221"
    },
    {
      "product_id": "60907",
      "variant_group_id": "60907",
      "title": "Jasmine Rooibos (Sachet Cut)",
      "caption": "Jasmine Rooibos (Sachet Cut)",
      "description": "Jasmine Rooibos (Sachet Cut)",
      "is_published": true,
      "show_in_listing": true,
      "online_from": "2022-11-15T00:16:48.127Z",
      "retailDepartment": "Non-sellable > Packaging > Non-sellable - Packaging > Non-sellable - Packaging",
      "material": "",
      "country_of_origin": "",
      "product_hts_number": "",
      "shipping_weight_value": 0.0,
      "shipping_weight_unit": "kg",
      "shipping_dimension_length": 0.0,
      "shipping_dimension_width": 0.0,
      "shipping_dimension_height": 0.0,
      "shipping_dimension_unit": "cm",
      "variation_color_value": "",
      "variation_size_value": "",
      "google_category": "none",
      "Image": {
        "URL": ""
      },
      "category": {
        "Path": "All > Non-sellable > Packaging > Non-sellable - Packaging > Non-sellable - Packaging"
      },
      "external_identifiers": [
        {
          "type": "upc",
          "value": ""
        }
      ],
      "extended_attributes": [
        {
          "name": "Loose_leaf_tea_Flag",
          "value": "False"
        },
        {
          "name": "ShortTitle",
          "value": "Jasmine Rooibos (Sachet Cut)"
        }
      ],
      "tax_class_id": "PF050221"
    },
    {
      "product_id": "60934",
      "variant_group_id": "60934",
      "title": "North Star (Sachet Cut)",
      "caption": "North Star (Sachet Cut)",
      "description": "North Star (Sachet Cut)",
      "is_published": true,
      "show_in_listing": true,
      "online_from": "2022-11-15T00:16:48.127Z",
      "retailDepartment": "Non-sellable > Packaging > Non-sellable - Packaging > Non-sellable - Packaging",
      "material": "",
      "country_of_origin": "",
      "product_hts_number": "",
      "shipping_weight_value": 0.0,
      "shipping_weight_unit": "kg",
      "shipping_dimension_length": 0.0,
      "shipping_dimension_width": 0.0,
      "shipping_dimension_height": 0.0,
      "shipping_dimension_unit": "cm",
      "variation_color_value": "",
      "variation_size_value": "",
      "google_category": "none",
      "Image": {
        "URL": ""
      },
      "category": {
        "Path": "All > Non-sellable > Packaging > Non-sellable - Packaging > Non-sellable - Packaging"
      },
      "external_identifiers": [
        {
          "type": "upc",
          "value": "2609342000006"
        }
      ],
      "extended_attributes": [
        {
          "name": "Loose_leaf_tea_Flag",
          "value": "False"
        },
        {
          "name": "ShortTitle",
          "value": "North Star (Sachet Cut)"
        }
      ],
      "tax_class_id": "PF050221"
    },
    {
      "product_id": "961697",
      "variant_group_id": "961697",
      "title": "Cellophane - Core Single Tea 75 Sachets - Cold 911",
      "caption": "Cellophane - Core Single Tea 75 Sachets - Cold 911",
      "description": "Cellophane - Core Single Tea 75 Sachets - Cold 911",
      "is_published": true,
      "show_in_listing": true,
      "online_from": "2022-11-15T00:16:48.128Z",
      "retailDepartment": "Non-sellable > Packaging > Non-sellable - Packaging > Non-sellable - Packaging",
      "material": "",
      "country_of_origin": "",
      "product_hts_number": "",
      "shipping_weight_value": 0.0,
      "shipping_weight_unit": "kg",
      "shipping_dimension_length": 0.0,
      "shipping_dimension_width": 0.0,
      "shipping_dimension_height": 0.0,
      "shipping_dimension_unit": "cm",
      "variation_color_value": "",
      "variation_size_value": "",
      "google_category": "none",
      "Image": {
        "URL": ""
      },
      "category": {
        "Path": "All > Non-sellable > Packaging > Non-sellable - Packaging > Non-sellable - Packaging"
      },
      "external_identifiers": [
        {
          "type": "upc",
          "value": ""
        }
      ],
      "extended_attributes": [
        {
          "name": "Loose_leaf_tea_Flag",
          "value": "False"
        },
        {
          "name": "ShortTitle",
          "value": "Cellophane - Core Single Tea 75 Sachets - Cold 911"
        }
      ],
      "tax_class_id": "PG081610"
    },
    {
      "product_id": "961116V0076317",
      "variant_group_id": "961116",
      "title": "Cellophane-Core Single Tea 75 Sachets -Cinnamon Rooibos Chai US",
      "caption": "Cellophane-Core Single Tea 75 Sachets -Cinnamon Rooibos Chai US",
      "description": "Cellophane-Core Single Tea 75 Sachets -Cinnamon Rooibos Chai US",
      "is_published": true,
      "show_in_listing": true,
      "online_from": "2022-11-15T00:16:48.128Z",
      "retailDepartment": "Non-sellable > Packaging > Non-sellable - Packaging > Non-sellable - Packaging",
      "material": "",
      "country_of_origin": "",
      "product_hts_number": "",
      "shipping_weight_value": 0.0,
      "shipping_weight_unit": "kg",
      "shipping_dimension_length": 0.0,
      "shipping_dimension_width": 0.0,
      "shipping_dimension_height": 0.0,
      "shipping_dimension_unit": "cm",
      "variation_color_value": "",
      "variation_size_value": "",
      "google_category": "none",
      "Image": {
        "URL": ""
      },
      "category": {
        "Path": "All > Non-sellable > Packaging > Non-sellable - Packaging > Non-sellable - Packaging"
      },
      "external_identifiers": [
        {
          "type": "upc",
          "value": ""
        }
      ],
      "extended_attributes": [
        {
          "name": "Loose_leaf_tea_Flag",
          "value": "False"
        },
        {
          "name": "ShortTitle",
          "value": "Cellophane-Core Single Tea 75 Sachets -Cinnamon Rooibos Chai US"
        }
      ],
      "tax_class_id": "PG081610"
    },
    {
      "product_id": "961116V0076316",
      "variant_group_id": "961116",
      "title": "Cellophane-Core Single Tea 75 Sachets -Cinnamon Rooibos Chai CAN",
      "caption": "Cellophane-Core Single Tea 75 Sachets -Cinnamon Rooibos Chai CAN",
      "description": "Cellophane-Core Single Tea 75 Sachets -Cinnamon Rooibos Chai CAN",
      "is_published": true,
      "show_in_listing": true,
      "online_from": "2022-11-15T00:16:48.128Z",
      "retailDepartment": "Non-sellable > Packaging > Non-sellable - Packaging > Non-sellable - Packaging",
      "material": "",
      "country_of_origin": "",
      "product_hts_number": "",
      "shipping_weight_value": 0.0,
      "shipping_weight_unit": "kg",
      "shipping_dimension_length": 0.0,
      "shipping_dimension_width": 0.0,
      "shipping_dimension_height": 0.0,
      "shipping_dimension_unit": "cm",
      "variation_color_value": "",
      "variation_size_value": "",
      "google_category": "none",
      "Image": {
        "URL": ""
      },
      "category": {
        "Path": "All > Non-sellable > Packaging > Non-sellable - Packaging > Non-sellable - Packaging"
      },
      "external_identifiers": [
        {
          "type": "upc",
          "value": ""
        }
      ],
      "extended_attributes": [
        {
          "name": "Loose_leaf_tea_Flag",
          "value": "False"
        },
        {
          "name": "ShortTitle",
          "value": "Cellophane-Core Single Tea 75 Sachets -Cinnamon Rooibos Chai CAN"
        }
      ],
      "tax_class_id": "PG081610"
    },
    {
      "product_id": "961117V0076344",
      "variant_group_id": "961117",
      "title": "Cellophane- Core Single Tea 75 Sachets - Cream of Earl CAN",
      "caption": "Cellophane- Core Single Tea 75 Sachets - Cream of Earl CAN",
      "description": "Cellophane- Core Single Tea 75 Sachets - Cream of Earl CAN",
      "is_published": true,
      "show_in_listing": true,
      "online_from": "2022-11-15T00:16:48.128Z",
      "retailDepartment": "Non-sellable > Packaging > Non-sellable - Packaging > Non-sellable - Packaging",
      "material": "",
      "country_of_origin": "",
      "product_hts_number": "",
      "shipping_weight_value": 0.0,
      "shipping_weight_unit": "kg",
      "shipping_dimension_length": 0.0,
      "shipping_dimension_width": 0.0,
      "shipping_dimension_height": 0.0,
      "shipping_dimension_unit": "cm",
      "variation_color_value": "",
      "variation_size_value": "",
      "google_category": "none",
      "Image": {
        "URL": ""
      },
      "category": {
        "Path": "All > Non-sellable > Packaging > Non-sellable - Packaging > Non-sellable - Packaging"
      },
      "external_identifiers": [
        {
          "type": "upc",
          "value": ""
        }
      ],
      "extended_attributes": [
        {
          "name": "Loose_leaf_tea_Flag",
          "value": "False"
        },
        {
          "name": "ShortTitle",
          "value": "Cellophane- Core Single Tea 75 Sachets - Cream of Earl CAN"
        }
      ],
      "tax_class_id": "PG081610"
    },
    {
      "product_id": "961118V0076346",
      "variant_group_id": "961118",
      "title": "Cellophane -Core Single Tea 75 Sachets - Forever Nuts CAN",
      "caption": "Cellophane -Core Single Tea 75 Sachets - Forever Nuts CAN",
      "description": "Cellophane -Core Single Tea 75 Sachets - Forever Nuts CAN",
      "is_published": true,
      "show_in_listing": true,
      "online_from": "2022-11-15T00:16:48.128Z",
      "retailDepartment": "Non-sellable > Packaging > Non-sellable - Packaging > Non-sellable - Packaging",
      "material": "",
      "country_of_origin": "",
      "product_hts_number": "",
      "shipping_weight_value": 0.0,
      "shipping_weight_unit": "kg",
      "shipping_dimension_length": 0.0,
      "shipping_dimension_width": 0.0,
      "shipping_dimension_height": 0.0,
      "shipping_dimension_unit": "cm",
      "variation_color_value": "",
      "variation_size_value": "",
      "google_category": "none",
      "Image": {
        "URL": ""
      },
      "category": {
        "Path": "All > Non-sellable > Packaging > Non-sellable - Packaging > Non-sellable - Packaging"
      },
      "external_identifiers": [
        {
          "type": "upc",
          "value": ""
        }
      ],
      "extended_attributes": [
        {
          "name": "Loose_leaf_tea_Flag",
          "value": "False"
        },
        {
          "name": "ShortTitle",
          "value": "Cellophane -Core Single Tea 75 Sachets - Forever Nuts CAN"
        }
      ],
      "tax_class_id": "PG081610"
    },
    {
      "product_id": "961118V0076347",
      "variant_group_id": "961118",
      "title": "Cellophane -Core Single Tea 75 Sachets - Forever Nuts US",
      "caption": "Cellophane -Core Single Tea 75 Sachets - Forever Nuts US",
      "description": "Cellophane -Core Single Tea 75 Sachets - Forever Nuts US",
      "is_published": true,
      "show_in_listing": true,
      "online_from": "2022-11-15T00:16:48.128Z",
      "retailDepartment": "Non-sellable > Packaging > Non-sellable - Packaging > Non-sellable - Packaging",
      "material": "",
      "country_of_origin": "",
      "product_hts_number": "",
      "shipping_weight_value": 0.0,
      "shipping_weight_unit": "kg",
      "shipping_dimension_length": 0.0,
      "shipping_dimension_width": 0.0,
      "shipping_dimension_height": 0.0,
      "shipping_dimension_unit": "cm",
      "variation_color_value": "",
      "variation_size_value": "",
      "google_category": "none",
      "Image": {
        "URL": ""
      },
      "category": {
        "Path": "All > Non-sellable > Packaging > Non-sellable - Packaging > Non-sellable - Packaging"
      },
      "external_identifiers": [
        {
          "type": "upc",
          "value": ""
        }
      ],
      "extended_attributes": [
        {
          "name": "Loose_leaf_tea_Flag",
          "value": "False"
        },
        {
          "name": "ShortTitle",
          "value": "Cellophane -Core Single Tea 75 Sachets - Forever Nuts US"
        }
      ],
      "tax_class_id": "PG081610"
    },
    {
      "product_id": "961120V0076350",
      "variant_group_id": "961120",
      "title": "Cellophane - Core Single Tea 75 Sachets - MLH CAN",
      "caption": "Cellophane - Core Single Tea 75 Sachets - MLH CAN",
      "description": "Cellophane - Core Single Tea 75 Sachets - MLH CAN",
      "is_published": true,
      "show_in_listing": true,
      "online_from": "2022-11-15T00:16:48.128Z",
      "retailDepartment": "Non-sellable > Packaging > Non-sellable - Packaging > Non-sellable - Packaging",
      "material": "",
      "country_of_origin": "",
      "product_hts_number": "",
      "shipping_weight_value": 0.0,
      "shipping_weight_unit": "kg",
      "shipping_dimension_length": 0.0,
      "shipping_dimension_width": 0.0,
      "shipping_dimension_height": 0.0,
      "shipping_dimension_unit": "cm",
      "variation_color_value": "",
      "variation_size_value": "",
      "google_category": "none",
      "Image": {
        "URL": ""
      },
      "category": {
        "Path": "All > Non-sellable > Packaging > Non-sellable - Packaging > Non-sellable - Packaging"
      },
      "external_identifiers": [
        {
          "type": "upc",
          "value": ""
        }
      ],
      "extended_attributes": [
        {
          "name": "Loose_leaf_tea_Flag",
          "value": "False"
        },
        {
          "name": "ShortTitle",
          "value": "Cellophane - Core Single Tea 75 Sachets - MLH CAN"
        }
      ],
      "tax_class_id": "PG081610"
    },
    {
      "product_id": "961819V0097569",
      "variant_group_id": "961819",
      "title": "Packaging - Nordic Mug for Sleep & Relax Gift Set US",
      "caption": "Packaging - Nordic Mug for Sleep & Relax Gift Set US",
      "description": "Packaging - Nordic Mug for Sleep & Relax Gift Set US",
      "is_published": true,
      "show_in_listing": true,
      "online_from": "2022-11-15T00:16:48.128Z",
      "retailDepartment": "Non-sellable > Packaging > Non-sellable - Packaging > Non-sellable - Packaging",
      "material": "",
      "country_of_origin": "",
      "product_hts_number": "",
      "shipping_weight_value": 0.0,
      "shipping_weight_unit": "kg",
      "shipping_dimension_length": 0.0,
      "shipping_dimension_width": 0.0,
      "shipping_dimension_height": 0.0,
      "shipping_dimension_unit": "cm",
      "variation_color_value": "",
      "variation_size_value": "",
      "google_category": "none",
      "Image": {
        "URL": ""
      },
      "category": {
        "Path": "All > Non-sellable > Packaging > Non-sellable - Packaging > Non-sellable - Packaging"
      },
      "external_identifiers": [
        {
          "type": "upc",
          "value": ""
        }
      ],
      "extended_attributes": [
        {
          "name": "Loose_leaf_tea_Flag",
          "value": "False"
        },
        {
          "name": "ShortTitle",
          "value": "Packaging - Nordic Mug for Sleep & Relax Gift Set US"
        }
      ],
      "tax_class_id": "PG068810"
    },
    {
      "product_id": "961819V0097568",
      "variant_group_id": "961819",
      "title": "Packaging - Nordic Mug for Sleep & Relax Gift Set CAN",
      "caption": "Packaging - Nordic Mug for Sleep & Relax Gift Set CAN",
      "description": "Packaging - Nordic Mug for Sleep & Relax Gift Set CAN",
      "is_published": true,
      "show_in_listing": true,
      "online_from": "2022-11-15T00:16:48.128Z",
      "retailDepartment": "Non-sellable > Packaging > Non-sellable - Packaging > Non-sellable - Packaging",
      "material": "",
      "country_of_origin": "",
      "product_hts_number": "",
      "shipping_weight_value": 0.0,
      "shipping_weight_unit": "kg",
      "shipping_dimension_length": 0.0,
      "shipping_dimension_width": 0.0,
      "shipping_dimension_height": 0.0,
      "shipping_dimension_unit": "cm",
      "variation_color_value": "",
      "variation_size_value": "",
      "google_category": "none",
      "Image": {
        "URL": ""
      },
      "category": {
        "Path": "All > Non-sellable > Packaging > Non-sellable - Packaging > Non-sellable - Packaging"
      },
      "external_identifiers": [
        {
          "type": "upc",
          "value": ""
        }
      ],
      "extended_attributes": [
        {
          "name": "Loose_leaf_tea_Flag",
          "value": "False"
        },
        {
          "name": "ShortTitle",
          "value": "Packaging - Nordic Mug for Sleep & Relax Gift Set CAN"
        }
      ],
      "tax_class_id": "PG068810"
    },
    {
      "product_id": "990248",
      "variant_group_id": "990248",
      "title": "Floor Stand for Wholesale",
      "caption": "Floor Stand for Wholesale",
      "description": "Floor Stand for Wholesale",
      "is_published": true,
      "show_in_listing": true,
      "online_from": "2022-11-15T00:16:48.128Z",
      "retailDepartment": "Non-sellable > HRI (Corporate) > Non-sellable - HRI (Corporate) > Non-sellable - HRI (Corporate)",
      "material": "",
      "country_of_origin": "",
      "product_hts_number": "",
      "shipping_weight_value": 0.0,
      "shipping_weight_unit": "kg",
      "shipping_dimension_length": 0.0,
      "shipping_dimension_width": 0.0,
      "shipping_dimension_height": 0.0,
      "shipping_dimension_unit": "cm",
      "variation_color_value": "",
      "variation_size_value": "",
      "google_category": "none",
      "Image": {
        "URL": ""
      },
      "category": {
        "Path": "All > Non-sellable > HRI (Corporate) > Non-sellable - HRI (Corporate) > Non-sellable - HRI (Corporate)"
      },
      "external_identifiers": [
        {
          "type": "upc",
          "value": ""
        }
      ],
      "extended_attributes": [
        {
          "name": "Loose_leaf_tea_Flag",
          "value": "False"
        },
        {
          "name": "ShortTitle",
          "value": "Floor Stand for Wholesale"
        }
      ],
      "tax_class_id": "PF232402"
    },
    {
      "product_id": "902553",
      "variant_group_id": "902553",
      "title": "Corporate Sales Acrylic Sachet Rack",
      "caption": "Corporate Sales Acrylic Sachet Rack",
      "description": "Corporate Sales Acrylic Sachet Rack",
      "is_published": true,
      "show_in_listing": true,
      "online_from": "2022-11-15T00:16:48.128Z",
      "retailDepartment": "Non-sellable > Marketing\\Events > Events > Events",
      "material": "",
      "country_of_origin": "",
      "product_hts_number": "",
      "shipping_weight_value": 0.0,
      "shipping_weight_unit": "kg",
      "shipping_dimension_length": 0.0,
      "shipping_dimension_width": 0.0,
      "shipping_dimension_height": 0.0,
      "shipping_dimension_unit": "cm",
      "variation_color_value": "",
      "variation_size_value": "",
      "google_category": "none",
      "Image": {
        "URL": ""
      },
      "category": {
        "Path": "All > Non-sellable > Marketing\\Events > Events > Events"
      },
      "external_identifiers": [
        {
          "type": "upc",
          "value": "803809030496"
        }
      ],
      "extended_attributes": [
        {
          "name": "Loose_leaf_tea_Flag",
          "value": "False"
        },
        {
          "name": "ShortTitle",
          "value": "Corporate Sales Acrylic Sachet Rack"
        }
      ],
      "tax_class_id": "PG068810"
    }
  ]
}
