{
    "head": 
	{
		"locale":"en-US",
		"shop":"storefront-catalog-en",
		"is_master":true,
		"filterable_attributes":[
			{
				"name":"final_sale",
				"path":"$.extended_attributes[?(@.name == 'final_sale')].value"
			}],
		"searchable_attributes":[
			{
				"name":"product_id",
				"path":"$.product_id",
				"weight":10
			},
			{
				"name":"ean13",
				"path":"$.external_identifiers[?(@.type == 'ean13')].value","weight":5
			},
			{
				"name":"title",
				"path":"$.title",
				"weight":10
			},
			{
				"name":"description",
				"path":"$.description",
				"weight":9
			}]
	},
    "items": [
			{
				"is_searchable":true,
				"is_published":true,
				"show_in_listing":true,
				"product_id":"EGC",
				"variant_group_id":"virtual_giftcard",
				"brand":"3rd Party Brand",
				"title":"EGC",
				"caption":"EGC",
				"description":"Electronic Gift Card for online purchases & retail purchases",
				"keywords":["attributes_hierarchy:Grooming-Face  Body","custitem_fao_brand:Baxter of California","custitem_fao_color_code:000","custitem_fao_feature:Non-Mulesed Merino Wool","custitem_fao_finalsale:No","custitem_fao_launch_year:2013","custitem_fao_lifecycle:Core","custitem_fao_merch_department:Grooming","custitem_fao_nodiscount:No","custitem_fao_style_code:199118","custitem_fao_style_color:EGC","division:Grooming","markdown:No","product_type:Grooming","size_range:ONE SIZE","yarn:merino","YGroup_199118"],
				"shipping_weight_unit":"kg",
				"shipping_weight_value":0.7,
				"variation_color_value":"",
				"variation_size_value":"Default Title",
				"tax_class_id":"",
				"shipping_dimension_unit":"cm",
				"images":[
				{
				"aspect_ratio": 0.7497657,
				"dominant_color": "#E6E6E9",
				"height": 1067,
				"tags": [
					"newstore:main"
				],
				"title": "Frank And Oak Electronic Gift Card",
				"url": "https://res.cloudinary.com/db0zftggw/image/upload/v1631610747/p/frankandoak/a12e711c119e60fb70fe8d6741dbec6b.jpg",
				"width": 800,
				"is_main":true
				}],
					"external_identifiers":[{"type":"sku","value":"EGC"},{"type":"shopify_inventory_item_id","value":"42467446522012"},{"type":"upc","value":"EGC"},{"type":"isbn","value":"EGC"},{"type":"ean13","value":"EGC"}],
					"extended_attributes": [
			{
				"key": "fulfillment_service",
				"value": "manual"
			},
			{
				"key": "handle",
				"value": "newstore-gift-card"
			},
			{
				"key": "inventory_policy",
				"value": "deny"
			},
			{
				"key": "pricebooks",
				"value": "egc-25,egc-50,egc-75,egc-100,egc-150,egc-200,egc-250"
			},
			{
				"key": "product_created_at",
				"value": "2020-11-28T14:37:35-04:00"
			},
			{
				"key": "product_updated_at",
				"value": "2020-11-29T06:32:26-04:00"
			},
			{
				"key": "published_at",
				"value": "2020-11-28T14:35:49-04:00"
			},
			{
				"key": "published_scope",
				"value": "global"
			},
			{
				"key": "variant_created_at",
				"value": "2020-11-28T14:37:35-04:00"
			},
			{
				"key": "variant_updated_at",
				"value": "2020-11-29T06:32:26-04:00"
			}
		],
					"shipping_dimension_length":0.0,
					"shipping_dimension_width":0.0,
					"shipping_dimension_height":0.0,
					"material":"",
					"google_category":"none",
					"categories":[
			{
				"is_main": false,
				"path": "All",
				"path_separator": " > "
			},
			{
				"is_main": true,
				"path": "All > Gift Card",
				"path_separator": " > "
			}
			],
					"manufacturer":"",
					"country_of_origin":"CN",
					"product_hts_number":"330720"
				}
			
			
    ]
}