{"head": 
	{"store_mapping": [
		{
			"fulfillment_node_id": "MTLDC1", 
			"store_id": ""
		}, 
		{
			"fulfillment_node_id": "BDC", 
			"store_id": ""
		}, 
		{
			"fulfillment_node_id": "DIXST", 
			"store_id": "DIXST"
		}, 
		{
			"fulfillment_node_id": "DONST", 
			"store_id": "DONST"
		}, 
		{
			"fulfillment_node_id": "MTLST", 
			"store_id": "MTLST"
		}, 
		{
			"fulfillment_node_id": "VIAST", 
			"store_id": "VIAST"
		}, 
		{
			"fulfillment_node_id": "FOYST", 
			"store_id": "FOYST"
		}, 
		{
			"fulfillment_node_id": "VANST", 
			"store_id": "VANST"
		}, 
		{
			"fulfillment_node_id": "RIDST", 
			"store_id": "RIDST"
		}, 
		{
			"fulfillment_node_id": "STWST", 
			"store_id": "STWST"
		}, 
		{
			"fulfillment_node_id": "STANST", 
			"store_id": "STANST"
		}, 
		{
			"fulfillment_node_id": "TECST", 
			"store_id": "TECST"
		}, 
		{
			"fulfillment_node_id": "TOST", 
			"store_id": "TOST"
		}, 
		{
			"fulfillment_node_id": "BROST", 
			"store_id": "BROST"
		}, 
		{
			"fulfillment_node_id": "SOHST", 
			"store_id": "SOHST"
		}, 
		{
			"fulfillment_node_id": "WHSALE", 
			"store_id": "WHSALE"
		}, 
		{
			"fulfillment_node_id": "KITST", 
			"store_id": "KITST"
		}, 
		{
			"fulfillment_node_id": "SQOST", 
			"store_id": "SQOST"
		}, 
		{
			"fulfillment_node_id": "HALST", 
			"store_id": "HALST"
		}, 
		{
			"fulfillment_node_id": "SNBST", 
			"store_id": "SNBST"
		}, 
		{
			"fulfillment_node_id": "FPCST", 
			"store_id": "FPCST"
		}], 
	"mode": "on_hand"
	}, 
	"items": [
		{
			"fulfillment_node_id": "MTLDC1", 
			"product_id": "EGC", 
			"quantity": 100
		},
		{
			"fulfillment_node_id": "BDC", 
			"product_id": "EGC", 
			"quantity": 100
		},
		{
			"fulfillment_node_id": "TOST", 
			"product_id": "EGC", 
			"quantity": 100
		}
	]
}